playerid,Player,K,HB,D,M,G,B,T,HO,GA,I50,CL,CG,R50,FF,FA,AF,SC,fixture_id
1,Patrick Dangerfield,9,13,22,3,1,0,1,0,0,2,6,10,0,0,2,66,61,2
2,Isaac Smith,19,2,21,6,1,0,2,0,1,8,1,2,6,1,1,91,105,2
3,Tom Atkins,9,12,21,0,1,0,4,0,0,2,5,2,2,3,2,70,98,2
4,Gryan Miers,7,12,19,5,0,2,0,0,3,1,1,6,0,2,3,55,56,2
5,Zach Tuohy,13,5,18,4,2,0,0,0,0,0,0,5,9,0,1,70,71,2
6,Tyson Stengle,10,7,17,3,2,0,1,0,1,3,1,2,0,0,1,66,70,2
7,Tanner Bruhn,9,8,17,2,0,0,4,0,1,2,3,3,1,0,0,65,58,2
8,Max Holmes,10,7,17,1,1,0,4,0,0,3,2,2,1,1,0,70,76,2
9,Rhys Stanley,10,6,16,1,0,0,2,29,0,3,2,7,4,2,3,75,70,2
10,Jeremy Cameron,16,0,16,8,2,1,0,0,1,7,2,1,0,0,0,85,80,2
11,Cameron Guthrie,10,5,15,1,0,0,4,0,0,2,3,3,2,1,2,54,64,2
12,Mark O'Connor,8,7,15,3,0,0,4,0,0,0,0,0,4,2,0,65,89,2
13,Oliver Henry,8,7,15,6,2,0,2,0,0,0,2,2,1,4,1,77,82,2
14,Mark Blicavs,5,8,13,2,0,0,5,5,0,3,5,3,0,2,2,58,69,2
15,Zach Guthrie,8,4,12,7,0,0,2,0,0,2,0,0,3,0,0,61,61,2
16,Tom Hawkins,6,5,11,4,2,2,0,4,2,1,0,2,0,1,0,59,75,2
17,Jed Bews,6,5,11,2,0,0,1,0,0,1,0,0,2,0,0,38,47,2
18,Bradley Close,5,5,10,2,0,2,4,0,0,2,2,1,0,1,0,50,46,2
19,Gary Rohan,5,3,8,5,2,0,1,0,0,3,0,3,0,0,2,46,51,2
20,Sam De Koning,2,5,7,0,0,0,0,0,0,0,0,0,0,0,0,16,37,2
21,Esava Ratugolea,4,2,6,4,0,0,0,0,0,0,0,4,5,0,3,19,55,2
22,Brandan Parfitt↙,0,5,5,0,0,0,2,0,0,1,2,2,0,0,1,15,17,2
23,Thomas Stewart↗,3,0,3,0,0,0,1,0,0,0,0,0,3,1,0,14,18,2
24,Nick Daicos,21,14,35,7,0,0,0,0,1,5,3,2,3,2,0,114,129,2
25,John Noble,23,6,29,7,0,0,1,0,2,5,0,4,6,2,1,105,105,2
26,Scott Pendlebury,13,14,27,4,1,0,8,0,1,2,4,1,0,1,0,118,129,2
27,Josh Daicos,16,11,27,3,0,0,3,0,0,6,5,0,5,0,0,91,121,2
28,Jordan De Goey,12,13,25,8,3,0,2,0,3,6,5,3,0,1,0,113,130,2
29,Jack Crisp,11,11,22,4,0,1,4,0,1,4,3,3,1,0,1,81,90,2
30,Tom Mitchell,9,12,21,3,2,0,4,0,0,2,10,2,0,2,2,84,109,2
31,Beau McCreery,13,7,20,5,2,0,1,0,2,5,1,1,0,0,1,81,108,2
32,Steele Sidebottom,8,11,19,5,0,0,4,0,1,3,2,4,0,0,2,71,84,2
33,Brayden Maynard,13,6,19,7,0,0,2,0,1,2,0,4,1,1,2,75,82,2
34,Will H-Elliott,12,6,18,5,0,0,2,0,0,2,3,6,2,1,0,72,55,2
35,Taylor Adams,8,8,16,3,1,1,3,0,3,4,3,5,0,0,2,62,68,2
36,Jamie Elliott,8,5,13,6,0,2,1,0,0,2,0,2,1,0,0,58,35,2
37,Darcy Moore,12,1,13,5,0,0,1,0,0,2,0,4,5,2,0,59,92,2
38,Darcy Cameron,8,3,11,4,0,1,2,29,0,0,3,4,0,4,3,75,103,2
39,Bobby Hill,8,2,10,7,3,0,3,0,1,5,1,1,0,2,0,81,77,2
40,Brody Mihocek,6,3,9,5,2,1,2,0,0,2,0,3,0,2,1,59,45,2
41,Jeremy Howe↗,6,2,8,3,0,0,0,0,0,1,0,0,2,0,0,31,38,2
42,Isaac Quaynor,4,4,8,2,0,0,4,0,0,0,0,3,1,1,2,37,37,2
43,Daniel McStay,4,2,6,3,1,1,2,0,0,0,0,0,0,1,0,41,41,2
44,Mason Cox,6,0,6,5,2,0,1,16,1,4,1,2,0,0,2,59,69,2
45,Nathan Murphy,5,1,6,3,0,0,0,0,0,0,0,2,2,1,2,21,37,2
46,Reef McInnes↙,3,1,4,1,2,1,2,0,1,0,0,0,0,1,0,36,61,2
47,Harry Sheezel,22,12,34,9,0,0,0,0,1,4,1,5,8,1,0,118,114,3
48,Luke D-Uniacke,12,20,32,1,1,1,5,0,1,7,10,1,0,2,0,108,143,3
49,Jack Ziebell,22,4,26,9,0,0,2,0,0,4,0,0,6,0,0,109,102,3
50,Jy Simpkin,13,12,25,3,0,0,5,0,0,3,7,6,2,3,3,86,88,3
51,Tom Powell,8,16,24,3,0,1,4,0,0,4,4,6,0,0,3,73,72,3
52,Luke McDonald,15,7,22,5,0,0,6,0,0,1,0,5,5,2,4,88,110,3
53,Liam Shiels,9,10,19,3,0,1,4,0,0,2,1,4,1,1,2,68,56,3
54,Bailey Scott,10,7,17,5,0,1,4,0,1,3,1,2,1,0,0,76,69,3
55,Curtis Taylor,12,5,17,6,0,1,3,0,0,2,1,3,1,0,0,77,59,3
56,Will Phillips↙,5,12,17,0,0,1,2,0,1,3,4,1,0,1,1,46,65,3
57,Ben Cunnington,8,8,16,3,0,1,3,0,0,3,1,4,0,2,1,61,58,3
58,Hugh Greenwood,8,7,15,1,0,0,5,11,1,1,4,1,1,2,0,74,87,3
59,Aiden Bonar,5,10,15,5,0,0,2,0,0,0,0,1,0,0,0,58,82,3
60,Josh Goater,8,7,15,3,0,1,0,0,0,1,0,1,2,1,1,46,57,3
61,Cameron Zurhaar,8,6,14,1,2,0,1,0,2,4,1,1,0,1,0,56,93,3
62,Charlie Comben,7,6,13,3,1,1,6,12,2,1,3,3,0,1,2,80,83,3
63,Miller Bergman,9,4,13,3,0,0,0,0,0,3,0,1,2,2,0,46,52,3
64,Griffin Logue,6,4,10,4,0,0,0,0,0,0,0,3,2,1,2,33,64,3
65,Nick Larkey,7,2,9,3,6,0,1,0,0,0,0,0,0,2,0,76,89,3
66,Kayne Turner,4,4,8,1,0,0,9,0,0,1,1,1,0,1,0,60,62,3
67,Jaidyn Stephenson,4,4,8,2,0,1,5,0,0,1,0,3,2,0,0,47,27,3
68,Paul Curtis,6,2,8,3,2,1,1,0,0,1,1,2,1,1,1,46,50,3
69,Tristan Xerri↗,0,5,5,1,0,0,1,9,0,0,1,0,0,0,0,26,35,3
70,Luke Shuey,18,9,27,4,1,1,8,0,1,7,4,4,2,1,2,118,112,3
71,Shannon Hurn,19,6,25,4,0,0,2,0,0,2,0,3,7,1,3,81,110,3
72,Dominic Sheed,12,13,25,3,0,0,3,0,1,2,4,4,1,2,2,79,89,3
73,Andrew Gaff,11,12,23,5,0,1,4,0,0,3,3,0,2,0,0,89,101,3
74,Jeremy McGovern,15,7,22,10,0,0,1,0,0,1,0,3,5,0,0,93,108,3
75,Tim Kelly,13,9,22,4,1,0,3,0,1,4,4,7,1,1,3,79,72,3
76,Tom Cole,8,12,20,8,0,0,1,0,0,1,0,2,5,0,2,70,78,3
77,Tom Barrass,15,3,18,10,0,0,1,0,0,0,0,1,5,0,0,85,103,3
78,Liam Duggan,10,8,18,4,0,0,4,0,1,1,0,4,6,0,0,74,68,3
79,Alex Witherden,9,9,18,5,0,0,3,0,0,1,0,2,1,2,1,71,58,3
80,Reuben Ginbey,4,11,15,4,0,1,12,0,0,3,3,2,0,0,1,92,85,3
81,Jack Darling,9,5,14,6,1,3,1,2,1,1,0,1,0,1,0,71,65,3
82,Jamaine Jones,7,7,14,4,2,0,2,0,0,1,0,3,0,0,0,67,58,3
83,Liam Ryan,11,2,13,7,3,0,5,0,0,3,1,3,0,2,1,95,91,3
84,Jamie Cripps,5,7,12,6,1,2,3,0,2,0,0,1,0,0,0,67,55,3
85,Jayden Hunt,6,6,12,2,0,0,2,0,0,4,2,2,0,0,0,44,56,3
86,Noah Long,6,4,10,1,1,0,3,0,0,2,1,4,0,0,3,38,63,3
87,Oscar Allen,7,2,9,4,2,2,1,0,1,2,0,0,0,3,0,58,64,3
88,Xavier O'Neill,4,4,8,1,0,0,5,0,0,3,1,3,0,2,2,39,41,3
89,Bailey J. Williams,3,5,8,0,0,0,5,37,0,4,3,3,0,3,3,70,79,3
90,Campbell Chesser,4,1,5,3,0,0,2,0,0,0,0,1,0,1,0,32,20,3
91,Callum Jamieson↗,2,1,3,2,0,0,0,10,0,0,0,1,0,0,0,24,7,3
92,Jack Petruccelle↙,0,1,1,0,0,0,1,0,0,1,0,1,0,1,1,4,4,3
93,Oliver Wines,12,17,29,9,1,1,0,1,0,6,6,8,1,0,4,93,73,4
94,Darcy B-Jones,12,15,27,5,0,0,1,0,2,3,1,3,2,0,2,79,102,4
95,Jason H-Francis,17,8,25,2,1,1,3,0,3,10,7,2,0,1,1,90,136,4
96,Ryan Burton,21,3,24,7,0,0,1,0,1,4,0,3,5,1,0,95,102,4
97,Zak Butters,13,11,24,8,0,0,1,0,1,6,4,0,2,0,0,89,101,4
98,Connor Rozee,12,11,23,4,1,0,6,0,0,6,1,2,0,1,2,95,97,4
99,Miles Bergman,18,5,23,6,0,2,2,0,1,4,4,4,0,0,1,89,89,4
100,Xavier Duursma,9,13,22,3,0,0,0,0,0,1,5,3,2,0,0,62,76,4
101,Sam P-Pepper,13,8,21,4,1,2,5,0,1,2,3,2,0,3,1,95,97,4
102,Kane Farrell,15,6,21,4,0,0,1,0,0,3,1,0,3,0,0,73,100,4
103,Willem Drew,4,16,20,2,0,0,4,1,0,2,3,1,1,0,1,64,80,4
104,Dan Houston,10,9,19,4,0,0,1,0,0,4,4,3,2,0,2,58,86,4
105,Willie Rioli,9,7,16,2,3,0,4,0,1,2,3,1,0,1,1,79,126,4
106,Aliir Aliir,9,6,15,7,0,0,1,0,1,2,0,3,4,1,1,62,110,4
107,Charlie Dixon,11,3,14,10,3,3,0,8,0,3,1,9,0,0,4,86,80,4
108,Scott Lycett,1,12,13,0,0,0,3,26,1,0,2,3,1,1,2,60,87,4
109,Mitch Georgiades,8,5,13,5,1,3,2,0,0,1,0,2,0,1,1,64,75,4
110,Thomas Jonas,8,4,12,7,0,0,1,0,0,0,0,2,3,1,0,58,55,4
111,Lachlan Jones,7,5,12,4,3,0,2,3,0,1,2,1,1,0,0,72,76,4
112,Todd Marshall,8,3,11,8,4,1,3,0,1,1,0,1,0,0,1,88,123,4
113,Trent McKenzie,7,3,10,6,0,0,1,0,0,1,0,1,2,0,1,46,64,4
114,Orazio Fantasia↗,5,4,9,3,0,3,2,0,0,3,0,1,0,1,0,44,33,4
115,Francis Evans↙,1,1,2,1,0,0,0,0,1,0,0,0,0,0,0,8,6,4
116,Daniel Rich,23,3,26,4,1,0,0,0,0,2,2,5,18,2,2,89,112,4
117,Lachie Neale,8,12,20,0,0,0,6,0,1,5,5,4,1,3,1,72,95,4
118,Conor McKenna,12,8,20,0,1,0,1,0,0,3,0,1,4,0,0,62,93,4
119,Josh Dunkley,3,16,19,0,0,0,9,0,0,1,7,2,1,3,1,77,108,4
120,Zac Bailey,11,5,16,4,2,0,2,0,0,2,2,1,1,3,0,78,95,4
121,Jarrod Berry,8,7,15,5,0,0,0,0,0,5,0,3,1,1,1,51,43,4
122,Keidean Coleman,11,4,15,2,0,0,2,0,1,4,1,1,3,2,0,57,69,4
123,Cameron Rayner,9,5,14,4,0,0,3,0,0,0,0,1,4,2,0,63,85,4
124,Hugh McCluggage,7,6,13,3,0,0,4,0,1,3,3,3,1,0,1,55,68,4
125,Will Ashcroft,10,3,13,0,1,0,4,0,0,1,4,3,0,1,0,59,55,4
126,Harris Andrews,5,6,11,6,0,0,0,0,0,0,0,0,2,2,0,47,79,4
127,Oscar McInerney,5,6,11,2,1,0,2,33,0,2,4,3,0,0,0,80,67,4
128,Darcy Wilmot,10,1,11,4,0,1,1,0,0,1,1,1,3,0,0,49,51,4
129,Joe Daniher,7,3,10,3,1,0,0,5,0,2,1,3,0,1,1,45,49,4
130,Jack Gunston,7,2,9,4,2,0,0,0,0,2,0,5,0,0,0,49,33,4
131,Lincoln McCarthy,4,4,8,2,1,0,4,0,1,1,3,0,1,2,0,50,53,4
132,James Tunstill↗,2,5,7,1,0,0,0,0,0,2,1,0,0,0,0,19,37,4
133,Charlie Cameron,5,1,6,2,0,2,3,0,0,1,3,2,1,1,2,32,23,4
134,Deven Robertson,3,3,6,0,0,0,4,0,0,1,1,3,1,0,0,31,23,4
135,Eric Hipwood,3,1,4,2,1,0,0,3,0,2,0,2,0,1,0,27,25,4
136,Brandon Starcevich,3,1,4,1,0,0,1,0,0,0,0,2,3,0,1,15,24,4
137,Jack Payne,4,0,4,2,0,0,0,0,0,0,0,2,2,1,1,16,32,4
138,Jaxon Prior↙,2,0,2,1,0,0,0,0,0,0,0,1,0,0,1,6,6,4
139,Clayton Oliver,15,18,33,6,0,0,7,0,0,3,8,5,1,0,1,124,113,5
140,Christian Petracca,18,12,30,3,0,2,5,0,1,6,8,6,1,3,1,109,97,5
141,Trent Rivers,15,9,24,9,0,0,1,0,2,4,0,1,4,0,0,94,85,5
142,Angus Brayshaw,14,8,22,10,0,0,3,0,0,2,0,3,4,1,1,98,89,5
143,Max Gawn,14,7,21,6,2,0,1,21,0,5,5,5,3,2,0,113,140,5
144,Jake Lever,17,4,21,9,0,0,0,0,0,2,0,2,3,1,0,87,105,5
145,Adam Tomlinson,15,4,19,7,0,0,2,0,0,1,0,0,8,0,0,82,101,5
146,Kysaiah Pickett,15,4,19,7,4,1,8,0,2,1,3,5,1,1,4,120,144,5
147,Brodie Grundy,7,10,17,1,1,1,3,12,0,6,0,3,1,4,0,79,69,5
148,Alex N-Bullen,11,6,17,6,1,0,2,0,0,2,0,2,2,2,0,79,57,5
149,Jake Bowey,10,7,17,3,0,0,2,0,0,3,1,0,3,1,0,62,84,5
150,Kade Chandler,11,5,16,8,1,2,7,0,2,4,1,1,0,1,0,104,93,5
151,Ben Brown,12,3,15,7,4,1,1,1,1,2,0,2,1,1,0,94,111,5
152,James Harmes,6,9,15,3,0,0,4,0,0,3,1,0,0,0,0,61,65,5
153,Charlie Spargo,12,3,15,5,2,0,1,0,3,6,0,3,0,2,0,75,81,5
154,Ed Langdon,12,2,14,4,0,1,1,0,1,1,0,3,2,0,0,57,49,5
155,Harrison Petty,9,5,14,6,0,0,3,0,0,0,0,4,5,1,3,59,78,5
156,Judd McVee,11,3,14,3,0,0,1,0,0,2,0,2,2,0,1,49,50,5
157,Tom McDonald,8,5,13,4,0,1,3,2,0,2,0,2,0,1,0,62,56,5
158,Lachlan Hunter,8,4,12,5,0,0,3,0,0,1,0,1,0,1,0,60,53,5
159,Tom Sparrow,7,5,12,2,1,0,6,0,0,2,1,4,0,0,1,64,45,5
160,Bailey Laurie↗,2,2,4,1,0,0,1,0,0,1,2,0,0,0,0,17,21,5
161,Jake Melksham↙,2,0,2,2,1,1,0,0,0,1,0,1,0,0,1,16,11,5
162,Jackson Macrae,14,19,33,4,1,0,3,0,1,4,4,5,3,0,1,107,106,5
163,Thomas Liberatore,13,19,32,4,1,1,6,0,2,6,7,5,1,0,2,114,118,5
164,Adam Treloar,11,21,32,5,1,0,6,0,1,2,6,1,2,1,0,121,132,5
165,Caleb Daniel,17,12,29,5,0,0,4,0,0,1,1,5,7,3,1,106,99,5
166,Ed Richards,21,6,27,3,0,0,1,0,0,5,0,6,7,1,0,89,106,5
167,Bailey Smith,19,8,27,3,0,1,3,0,0,9,2,5,1,1,0,96,76,5
168,Marcus Bontempelli,13,12,25,3,1,1,5,0,0,1,6,2,3,0,0,99,107,5
169,Timothy English,12,12,24,6,0,0,4,22,1,6,3,4,1,2,1,115,134,5
170,Bailey Dale,15,4,19,2,0,0,1,0,0,2,0,6,4,0,3,54,56,5
171,Bailey Williams,8,10,18,4,1,0,0,0,0,2,3,2,2,0,0,62,59,5
172,Josh Bruce,8,6,14,6,0,0,1,0,0,0,0,3,4,0,2,52,50,5
173,Oskar Baker,10,3,13,3,1,0,1,0,0,3,0,2,0,0,0,55,43,5
174,Anthony Scott,7,6,13,4,0,0,4,0,1,2,2,1,0,2,0,63,96,5
175,Taylor Duryea,5,6,11,5,0,0,1,0,0,3,0,4,2,0,1,43,41,5
176,Aaron Naughton,9,2,11,5,1,2,1,1,0,1,1,3,0,3,3,53,70,5
177,Alex Keath,5,4,9,4,0,0,4,0,0,0,1,7,1,0,3,42,41,5
178,Jamarra U-Hagan,6,1,7,3,1,3,1,0,0,1,0,3,0,0,0,42,29,5
179,Jason Johannisen,3,3,6,2,1,0,1,0,0,2,0,2,0,0,1,28,36,5
180,Rory Lobb,2,4,6,2,0,0,0,3,0,0,0,2,1,0,0,23,34,5
181,Mitchell Hannan,3,3,6,1,0,0,2,0,0,0,0,4,0,0,2,20,18,5
182,Sam Darcy,5,1,6,1,0,1,3,1,0,0,0,2,0,0,2,28,28,5
183,Toby McLean↙,1,4,5,1,0,0,0,0,0,0,1,0,1,0,0,14,21,5
184,Liam Jones↗,1,0,1,1,0,0,1,0,0,0,0,2,1,0,1,7,5,5
185,Touk Miller,13,16,29,1,0,0,8,0,1,5,7,5,3,2,0,108,113,6
186,Matt Rowell,17,11,28,2,0,0,8,0,0,3,9,4,2,4,2,109,119,6
187,Charlie Constable,23,3,26,4,0,0,0,0,0,2,0,6,8,0,0,87,56,6
188,Jarrod Witts,15,10,25,5,0,1,1,51,0,5,10,4,2,4,1,137,140,6
189,Darcy Macpherson,14,8,22,5,0,0,3,0,0,1,0,2,2,1,1,83,76,6
190,David Swallow,13,7,20,3,1,0,2,0,0,1,5,2,0,1,1,74,69,6
191,Bodhi Uwland,14,6,20,3,0,0,1,0,0,2,1,4,5,1,0,68,59,6
192,Sam Flanders,9,10,19,2,2,0,1,0,1,2,0,4,2,0,0,69,64,6
193,Jy Farrar,11,7,18,3,0,0,3,0,0,2,0,5,7,2,1,67,67,6
194,Noah Anderson,10,7,17,1,1,1,6,0,0,3,4,0,1,0,0,78,93,6
195,Ben Ainsworth,8,8,16,3,2,0,2,0,1,2,1,4,1,1,1,67,68,6
196,Alex Davies,8,8,16,2,0,0,0,0,1,2,2,4,0,0,1,43,46,6
197,Nicholas Holman,7,8,15,3,1,0,4,0,1,4,2,2,1,1,0,69,83,6
198,Elijah Hollands,12,3,15,3,0,1,0,0,0,1,1,6,0,0,2,46,31,6
199,Ben Long,9,4,13,1,0,0,2,0,0,0,1,4,4,0,2,40,57,6
200,Charlie Ballard,8,5,13,3,0,0,3,0,0,1,0,2,3,1,0,56,67,6
201,Samuel Collins,5,7,12,4,0,0,1,0,0,0,0,6,2,1,1,43,51,6
202,Jack Lukosius,8,3,11,3,0,0,2,0,1,6,0,2,3,2,1,46,45,6
203,Brayden Fiorini↙,7,2,9,1,0,1,1,0,0,1,2,2,1,0,0,33,11,6
204,Joel Jeffrey,5,2,7,0,1,0,6,0,0,0,0,4,0,0,1,46,46,6
205,Mabior Chol,5,1,6,1,0,1,6,2,0,1,1,0,1,0,0,47,39,6
206,Ben King,1,4,5,1,1,0,0,0,1,0,0,4,0,0,0,20,19,6
207,Levi Casboult↗,3,1,4,2,0,0,0,3,0,0,0,2,0,0,0,20,14,6
208,Chad Warner,21,9,30,3,0,3,8,0,2,8,3,6,0,1,3,117,114,6
209,Jake Lloyd,15,13,28,9,1,0,2,0,1,0,0,2,5,1,2,107,100,6
210,Dylan Stephens,19,8,27,4,1,0,4,0,0,3,0,3,2,0,1,104,111,6
211,Luke Parker,9,16,25,1,0,0,6,0,1,3,4,2,0,0,1,83,89,6
212,Dane Rampe,13,12,25,7,0,0,4,0,0,1,0,0,3,0,0,100,150,6
213,Errol Gulden,18,6,24,2,1,1,5,0,0,10,3,2,2,0,0,99,115,6
214,Justin McInerney,15,8,23,7,0,0,4,0,1,4,0,4,0,1,1,96,71,6
215,Peter Ladhams↗,7,13,20,4,0,0,3,15,0,1,5,5,1,1,3,78,72,6
216,Nick Blakey,18,2,20,6,0,0,4,0,0,3,0,5,6,0,0,92,63,6
217,Callum Mills,8,11,19,2,1,0,7,0,2,2,6,3,0,1,0,87,94,6
218,Will Hayward,11,8,19,4,1,3,2,0,0,3,1,4,1,1,1,76,63,6
219,Oliver Florent,9,9,18,5,1,0,2,0,0,2,0,0,3,2,0,76,85,6
220,James Rowbottom,10,7,17,1,0,0,10,0,0,7,3,4,0,0,1,84,75,6
221,Tom McCartin,12,4,16,5,0,0,3,0,0,0,0,2,3,1,0,72,84,6
222,Braeden Campbell,10,6,16,2,0,0,3,0,1,3,2,4,0,1,1,58,79,6
223,Patrick McCartin,14,1,15,6,0,0,2,0,0,0,0,3,4,1,1,68,61,6
224,Tom Papley,12,3,15,2,2,0,0,0,1,7,7,3,0,0,1,57,93,6
225,Harry Cunningham,9,4,13,3,2,1,4,0,0,1,0,2,0,0,1,70,65,6
226,Isaac Heeney,8,4,12,3,1,2,3,0,0,0,2,4,2,3,0,64,71,6
227,Hayden McLean,4,7,11,4,1,0,3,7,0,0,2,2,0,0,0,63,67,6
228,Logan McDonald,7,2,9,5,2,0,1,0,0,4,0,1,0,0,0,56,63,6
229,Lance Franklin,7,1,8,4,2,1,1,0,1,2,0,7,0,1,4,41,52,6
230,Matthew Roberts↙,3,4,7,0,0,0,3,0,0,0,1,0,2,0,0,29,27,6
231,Tom Green,19,18,37,6,1,0,4,0,0,4,8,5,3,1,2,128,134,7
232,Stephen Coniglio,20,12,32,3,1,1,1,0,1,9,8,2,1,0,0,104,143,7
233,Callan Ward,12,19,31,4,1,2,0,0,0,5,4,3,1,1,0,95,124,7
234,Joshua Kelly,12,14,26,7,0,0,2,0,0,5,7,7,2,1,1,91,80,7
235,Finn Callaghan,15,10,25,6,0,0,0,0,1,1,3,1,4,0,0,83,101,7
236,Isaac Cumming,12,9,21,3,0,0,0,0,0,1,0,2,7,2,0,65,81,7
237,Lachlan Ash,11,10,21,1,0,0,1,0,1,1,1,6,2,1,2,55,55,7
238,Connor Idun,8,12,20,5,0,0,0,0,0,1,0,0,2,0,0,63,83,7
239,Toby Greene,13,6,19,8,4,4,4,0,1,5,0,4,0,2,1,118,104,7
240,Lachie Whitfield,7,10,17,2,0,0,0,0,0,0,1,3,4,1,0,48,40,7
241,Nick Haynes,13,2,15,8,1,0,0,0,0,2,0,0,4,0,0,73,85,7
242,Jesse Hogan,7,6,13,4,3,1,1,2,0,2,0,3,0,0,1,67,83,7
243,Adam Kennedy↙,9,3,12,4,0,0,2,0,1,4,1,1,0,2,1,52,70,7
244,Jacob Wehr,5,7,12,3,0,0,2,0,0,2,0,1,3,1,1,44,50,7
245,Jack Buckley,7,4,11,5,0,0,3,0,0,3,0,2,3,1,0,57,76,7
246,Daniel Lloyd,4,6,10,2,0,1,4,0,1,2,0,2,0,0,1,44,52,7
247,Sam Taylor,7,3,10,3,0,0,1,0,0,2,0,2,1,3,1,40,63,7
248,Jake Riccardi,6,4,10,4,0,1,1,1,1,3,0,1,0,0,0,44,52,7
249,Brent Daniels,6,3,9,2,2,1,5,0,1,3,0,1,0,3,0,66,78,7
250,Matthew Flynn,3,5,8,1,1,1,3,25,0,0,2,5,0,0,3,57,88,7
251,James Peatling,5,3,8,2,0,1,4,0,1,3,0,1,0,1,1,42,64,7
252,Harrison Himmelberg,7,0,7,5,1,0,2,0,0,2,0,1,1,0,0,50,52,7
253,Harry Perryman↗,0,1,1,0,0,0,0,0,0,0,0,0,0,0,0,2,1,7
254,Jordan Dawson,19,4,23,6,0,1,2,0,1,3,0,0,9,0,0,92,97,7
255,Ben Keays,10,11,21,8,1,1,3,0,2,5,1,1,0,0,0,95,102,7
256,Tom Doedee,12,8,20,5,0,0,4,0,0,0,0,2,4,2,2,79,118,7
257,Rory Sloane,12,6,18,7,0,0,2,0,0,2,0,6,2,0,3,68,94,7
258,Rory Laird,8,10,18,2,0,2,2,0,0,3,4,3,1,0,1,57,50,7
259,Izak Rankine,15,3,18,6,2,5,1,0,1,2,3,4,1,0,1,87,61,7
260,Josh Rachele,14,4,18,6,3,1,4,0,0,3,3,3,2,2,0,105,116,7
261,Brodie Smith,14,2,16,5,0,0,2,0,0,4,1,4,6,0,1,66,61,7
262,Harry Schoenberg,11,5,16,6,0,0,2,0,0,3,2,3,2,1,0,70,54,7
263,Jake Soligo,10,6,16,2,0,1,2,0,1,4,4,6,1,1,1,55,68,7
264,Mitchell Hinge,11,4,15,6,0,0,2,0,0,3,1,2,2,1,1,65,57,7
265,Wayne Milera,8,6,14,5,0,0,1,0,0,0,0,2,6,0,1,52,73,7
266,Darcy Fogarty,8,6,14,5,2,0,0,0,0,3,2,2,0,0,2,57,66,7
267,Luke Pedlar,11,2,13,6,1,0,2,0,2,4,0,0,2,1,0,70,83,7
268,Reilly O'Brien,7,5,12,4,0,1,3,33,0,2,5,4,0,2,0,91,102,7
269,Elliott Himmelberg,8,4,12,5,1,0,1,4,2,4,1,1,0,1,0,62,62,7
270,Sam Berry,9,3,12,0,0,1,1,0,0,3,4,2,1,1,1,36,50,7
271,Max Michalanney,9,3,12,4,0,0,1,0,0,1,0,0,2,1,0,50,62,7
272,Jordon Butts,6,4,10,4,0,0,0,0,0,1,1,0,1,1,0,39,47,7
273,Taylor Walker,6,1,7,3,1,2,0,3,1,2,1,4,0,0,2,34,37,7
274,Shane McAdam,5,2,7,4,1,1,1,0,0,0,0,3,0,0,3,33,32,7
275,Nick Murray↗,4,1,5,3,0,0,1,0,0,0,0,0,2,0,0,27,33,7
276,Tyler Brown↙,0,1,1,0,0,0,3,0,0,0,0,2,0,1,1,12,17,7
277,James Sicily,22,8,30,15,0,1,1,0,0,1,3,5,10,1,1,130,111,8
278,James Worpel,18,11,29,3,0,2,3,0,2,7,7,2,1,3,2,96,97,8
279,Josh Ward,12,14,26,8,0,1,4,0,0,2,3,1,6,0,1,102,100,8
280,Will Day,12,10,22,8,0,0,4,0,1,7,0,3,3,2,0,98,60,8
281,Karl Amon,12,8,20,4,1,0,1,0,1,1,1,2,3,0,0,74,80,8
282,Dylan Moore,10,10,20,9,0,0,2,0,0,2,0,2,0,1,0,86,73,8
283,Connor MacDonald,15,5,20,11,0,0,1,0,0,2,0,1,1,0,1,89,54,8
284,Changkuoth Jiath,11,8,19,3,1,0,0,0,0,3,0,5,2,0,2,58,73,8
285,Jai Newcombe,8,11,19,3,0,0,3,0,0,3,4,5,2,0,0,67,70,8
286,Jarman Impey,12,6,18,7,0,0,2,0,0,2,0,2,1,1,1,75,86,8
287,Lachlan Bramble,12,6,18,8,0,0,2,0,0,1,0,3,3,0,1,77,59,8
288,Cameron Mackenzie,13,5,18,4,0,0,3,0,1,3,3,0,2,2,0,75,93,8
289,Blake Hardwick,12,5,17,9,2,0,5,0,1,1,0,4,3,0,1,102,102,8
290,Sam Frost,7,7,14,5,0,0,2,0,0,0,0,4,3,0,1,55,64,8
291,Chad Wingard,8,5,13,3,1,2,1,0,0,3,0,2,0,1,0,56,47,8
292,Conor Nash↙,6,6,12,1,0,0,2,0,0,2,3,2,0,0,0,41,31,8
293,Finn Maginness,9,3,12,6,0,0,1,0,0,2,0,3,1,0,2,49,26,8
294,Luke Breust,8,3,11,5,3,1,2,0,0,2,0,0,0,1,0,73,76,8
295,Lloyd Meek,3,6,9,6,0,0,0,12,0,0,2,1,1,1,1,49,40,8
296,James Blanck,3,4,7,3,0,0,2,0,0,0,0,2,1,0,1,31,41,8
297,Fergus Greene,5,1,6,2,1,0,0,0,0,3,0,3,0,1,0,30,33,8
298,Ned Reeves,3,3,6,1,0,0,0,18,0,1,0,2,1,1,1,34,39,8
299,Jacob Koschitzke↗,3,1,4,0,0,1,2,0,0,1,0,0,1,2,0,22,31,8
300,Darcy Parish,22,15,37,4,0,0,1,0,1,10,13,4,1,1,2,107,109,8
301,Zachary Merrett,14,15,29,7,0,1,3,0,3,6,4,3,1,1,0,107,92,8
302,Will Setterfield,12,13,25,10,1,0,6,0,0,3,1,1,4,0,0,122,99,8
303,Andrew McGrath,12,13,25,5,0,0,1,0,0,3,1,3,4,0,0,81,75,8
304,Mason Redman,22,2,24,6,2,0,1,0,0,1,0,0,6,0,0,104,118,8
305,Dylan Shiel,12,11,23,3,0,0,2,0,1,7,2,3,3,1,2,70,76,8
306,Kyle Langford,17,5,22,10,0,1,3,0,1,3,0,5,3,0,3,95,83,8
307,Jayden Laverde,11,11,22,14,0,0,0,0,0,0,0,3,8,0,1,94,63,8
308,Nicholas Martin,11,10,21,6,0,0,2,0,3,8,0,3,1,0,1,76,80,8
309,Jordan Ridley,16,4,20,8,1,0,0,0,0,0,0,2,2,1,0,87,107,8
310,Archie Perkins,17,3,20,7,3,3,1,0,2,5,0,1,0,1,0,104,114,8
311,Brandon Z-Thatcher,12,7,19,8,0,0,0,0,0,2,0,4,3,0,2,68,100,8
312,Sam Durham,12,7,19,6,1,0,3,0,0,1,3,0,1,3,0,89,108,8
313,Dyson Heppell,8,8,16,5,1,0,1,0,0,1,0,3,1,0,1,62,60,8
314,Jake Kelly,8,8,16,5,0,0,1,0,0,1,0,2,1,0,1,56,56,8
315,Jye Caldwell,9,7,16,2,1,0,0,0,0,4,3,0,0,0,0,53,73,8
316,Harrison Jones↗,6,6,12,6,1,1,0,0,1,2,1,2,0,1,0,56,70,8
317,Jye Menzie,7,5,12,6,2,1,3,0,1,1,0,0,0,0,0,74,68,8
318,Sam Weideman,7,4,11,3,2,1,4,0,0,0,1,1,0,4,0,71,95,8
319,Alwyn Davey,7,2,9,5,1,0,3,0,1,5,0,3,0,0,0,58,58,8
320,Sam Draper,7,1,8,1,2,0,1,11,0,1,2,5,1,3,3,47,73,8
321,Andrew Phillips,3,1,4,1,0,0,1,9,0,1,1,2,0,0,1,24,21,8
322,Anthony M-Tipungwuti↙,3,1,4,3,1,1,0,0,1,1,0,0,0,0,0,27,18,8
323,Brad Crouch,7,23,30,4,0,0,4,0,0,2,4,6,3,1,2,90,80,9
324,Jack Steele,17,11,28,5,0,0,3,0,0,7,5,4,1,2,0,102,90,9
325,Ryan Byrnes,19,8,27,5,0,0,1,0,2,5,4,6,3,2,0,94,92,9
326,Jack Sinclair,18,8,26,4,0,0,1,0,0,2,3,2,10,0,0,86,104,9
327,Callum Wilkie,14,10,24,3,0,0,1,0,0,1,0,6,5,2,2,71,81,9
328,Bradley Hill,12,9,21,4,0,0,4,0,0,2,0,1,1,0,0,82,67,9
329,Mason Wood,15,5,20,6,2,1,4,0,0,4,1,2,3,0,1,99,108,9
330,Liam Stocker,10,10,20,9,0,0,1,0,0,0,1,1,8,0,0,81,74,9
331,Hunter Clark,12,6,18,1,0,1,4,0,0,2,4,4,0,0,2,62,54,9
332,Nasiah W-Milera,17,1,18,5,0,1,1,0,0,3,0,5,5,0,1,70,52,9
333,Jade Gresham,11,6,17,4,2,0,2,0,0,3,0,5,1,0,1,74,77,9
334,Josh Battle,7,9,16,6,0,0,2,0,0,1,1,5,4,1,2,60,80,9
335,Rowan Marshall,8,8,16,2,0,0,4,17,0,1,5,6,1,2,3,72,80,9
336,Mattaes Phillipou,6,10,16,3,1,0,0,0,1,2,2,1,1,1,0,54,76,9
337,Jack Bytel,8,7,15,4,1,0,7,0,0,1,2,4,2,2,1,83,71,9
338,Mitchito Owens,10,5,15,6,2,0,1,0,0,4,1,3,0,3,0,77,76,9
339,Jimmy Webster,9,5,14,5,0,0,1,0,0,1,1,4,3,1,1,54,44,9
340,Dougal Howard,6,7,13,2,0,0,0,0,0,0,0,4,1,2,3,31,58,9
341,Jack Higgins,6,3,9,4,1,0,2,0,0,3,0,1,0,1,0,51,44,9
342,Anthony Caminiti,4,5,9,2,0,1,0,1,1,3,0,3,0,2,1,29,34,9
343,Daniel Butler↗,5,3,8,1,0,1,1,0,0,3,1,3,1,0,1,26,15,9
344,Zaine Cordy,4,2,6,0,1,0,1,1,1,2,0,1,2,1,1,25,37,9
345,Ben Paton↙,3,3,6,2,0,0,0,0,0,0,0,1,2,0,0,21,27,9
346,Luke Ryan,30,7,37,13,0,0,4,0,0,1,0,2,10,0,1,156,171,9
347,Brennan Cox,22,8,30,20,0,0,0,0,0,2,0,1,5,2,1,141,154,9
348,Hayden Young,18,12,30,13,0,0,1,0,0,2,1,1,6,0,1,118,137,9
349,Caleb Serong,11,18,29,3,0,0,1,0,0,5,7,3,1,1,0,83,70,9
350,Jordan Clark,18,10,28,11,0,1,0,0,0,3,0,4,3,1,2,103,100,9
351,Andrew Brayshaw,19,7,26,4,0,0,7,0,0,5,2,6,4,3,0,114,70,9
352,Heath Chapman,12,10,22,8,0,0,2,0,0,1,0,3,2,0,1,85,90,9
353,Nathan Wilson,14,7,21,8,0,0,0,0,0,3,0,1,4,0,1,77,83,9
354,Liam Henry,9,12,21,4,0,0,0,0,2,3,0,3,0,0,1,60,83,9
355,Alex Pearce,12,8,20,8,0,0,2,0,0,1,0,3,3,0,3,75,92,9
356,Will Brodie,8,12,20,1,0,1,6,0,0,4,5,3,2,0,0,76,74,9
357,Jaeger O'Meara,6,13,19,2,0,0,6,0,0,4,2,1,0,1,1,72,72,9
358,James Aish,12,6,18,5,1,1,2,0,0,2,1,2,0,1,0,79,60,9
359,Sean Darcy,9,9,18,5,0,0,3,38,2,4,4,6,0,3,3,104,96,9
360,Ethan Hughes,9,7,16,5,0,0,1,0,0,6,2,0,2,0,0,60,65,9
361,Sam Switkowski,9,7,16,5,1,2,5,0,0,5,1,1,1,2,0,86,70,9
362,Lachlan Schultz,10,5,15,4,2,0,2,0,0,4,1,2,0,2,1,71,79,9
363,Michael Frederick,8,7,15,5,1,0,2,0,0,4,1,3,0,0,0,67,57,9
364,Luke Jackson,5,7,12,0,0,2,5,7,1,0,2,3,0,4,1,59,61,9
365,Nathan Fyfe,7,2,9,7,0,1,2,0,0,4,0,6,0,0,3,46,26,9
366,Matthew Taberner↗,6,3,9,4,1,0,0,0,0,2,0,1,0,1,1,40,41,9
367,Bailey Banfield↙,2,1,3,1,0,0,1,0,0,0,0,0,0,0,0,15,11,9
368,Josh Treacy,2,1,3,0,1,0,1,0,0,0,0,4,0,1,2,13,17,9
369,Adam Saad,20,9,29,7,0,0,1,0,1,5,2,6,4,0,0,103,113,10
370,Patrick Cripps,9,18,27,4,0,0,6,0,1,3,6,4,1,2,0,101,99,10
371,Edward Curnow,16,10,26,3,1,0,8,0,1,2,6,8,2,0,4,103,105,10
372,Blake Acres,16,10,26,11,0,0,2,0,1,6,4,4,4,1,1,107,119,10
373,Matthew Kennedy,12,14,26,5,0,1,4,0,1,3,4,2,1,1,0,97,110,10
374,Adam Cerra,14,11,25,5,0,1,2,0,0,5,2,5,1,2,0,90,75,10
375,Nic Newman,17,7,24,6,0,0,3,0,0,3,0,6,5,3,3,89,105,10
376,Sam Docherty,15,6,21,7,0,0,0,0,0,1,0,3,6,1,0,79,73,10
377,Oliver Hollands,14,6,20,5,0,1,2,0,0,2,2,5,2,2,1,77,71,10
378,Zac Fisher,14,5,19,3,1,0,3,0,0,2,0,3,2,0,0,79,84,10
379,Lewis Young,11,3,14,6,0,0,0,0,0,0,0,1,2,0,0,57,64,10
380,Jack Silvagni↗,9,4,13,4,0,2,1,0,2,3,0,1,0,1,1,51,64,10
381,Matt Owies,11,2,13,2,3,0,2,0,1,2,0,4,0,2,2,65,82,10
382,Jacob Weitering,9,3,12,8,0,0,1,0,0,1,0,3,5,2,0,63,61,10
383,Jesse Motlop,6,6,12,3,1,0,1,0,1,1,0,1,0,1,0,50,53,10
384,Lachlan Cowan,7,5,12,3,0,0,0,0,0,1,0,0,0,0,0,40,51,10
385,Charlie Curnow,9,2,11,9,5,2,1,0,0,1,0,0,0,0,0,94,103,10
386,Tom De Koning,6,5,11,2,0,0,6,22,1,2,3,6,2,2,1,79,93,10
387,Mitch McGovern,10,0,10,4,0,0,5,0,0,1,0,4,3,0,0,62,61,10
388,Marc Pittonet,4,6,10,3,0,0,2,14,0,1,1,4,0,1,1,53,67,10
389,Harry McKay,9,1,10,6,1,1,1,0,0,1,0,1,0,3,0,61,64,10
390,Corey Durdin,7,1,8,3,1,2,5,0,0,1,2,2,0,0,1,57,55,10
391,Lochie O'Brien↙,2,1,3,1,0,0,0,0,0,1,0,0,0,0,0,11,18,10
392,Cameron Guthrie,19,6,25,6,0,0,4,0,0,7,2,8,1,1,2,98,77,10
393,Jeremy Cameron,22,3,25,8,6,1,2,0,0,6,1,7,1,0,1,138,149,10
394,Isaac Smith,13,10,23,6,0,0,4,0,0,3,1,2,5,0,0,93,83,10
395,Max Holmes,11,12,23,4,0,0,4,0,2,6,4,2,2,2,0,87,102,10
396,Patrick Dangerfield,8,14,22,0,0,0,8,0,0,5,8,3,0,2,0,86,85,10
397,Jack Bowes,15,5,20,2,0,1,5,0,0,2,3,4,6,1,2,77,108,10
398,Zach Tuohy,13,5,18,2,0,0,0,0,0,2,1,2,3,1,0,56,78,10
399,Mark Blicavs,8,10,18,3,1,0,2,11,0,3,4,4,1,0,1,75,91,10
400,Gryan Miers,10,8,18,5,0,2,3,0,3,5,1,5,1,0,1,72,61,10
401,Rhys Stanley↗,5,11,16,1,0,0,3,14,1,1,3,5,2,2,3,59,86,10
402,Sam De Koning,4,10,14,4,0,0,0,0,0,0,1,5,4,1,2,39,53,10
403,Tom Atkins,5,8,13,0,0,0,12,0,0,1,4,2,0,1,2,74,80,10
404,Tyson Stengle,9,3,12,3,0,1,3,0,3,3,0,5,0,0,2,49,29,10
405,Zach Guthrie,6,6,12,3,0,0,4,0,0,0,0,1,1,1,0,56,67,10
406,Jed Bews,7,3,10,3,0,0,4,0,0,1,0,4,1,0,1,49,36,10
407,Tanner Bruhn,4,6,10,2,0,0,3,0,0,2,2,2,0,1,0,43,46,10
408,Oliver Henry,6,4,10,4,2,1,1,0,0,1,0,3,0,1,2,50,55,10
409,Mark O'Connor,5,4,9,3,0,0,1,0,0,0,0,0,3,1,0,37,46,10
410,Tom Hawkins,6,2,8,3,1,1,0,1,2,1,0,3,0,0,3,30,47,10
411,Bradley Close,3,5,8,1,1,0,1,0,0,2,0,0,0,0,0,32,48,10
412,Gary Rohan,4,3,7,2,1,0,4,0,0,2,0,1,1,0,0,46,52,10
413,Esava Ratugolea,4,2,6,3,0,0,1,0,0,1,0,4,2,0,2,23,31,10
414,Cooper Whyte↙,1,0,1,1,0,0,0,0,0,0,0,0,0,0,0,6,2,10
415,Will Ashcroft,14,17,31,0,1,1,1,0,1,2,9,2,2,3,0,90,105,11
416,Lachie Neale,17,10,27,8,0,1,0,0,0,5,8,3,1,1,1,94,100,11
417,Josh Dunkley,14,12,26,3,0,1,5,0,1,3,9,0,5,1,0,97,117,11
418,Dayne Zorko↗,16,6,22,9,2,0,4,0,2,8,2,1,1,1,0,116,139,11
419,Harris Andrews,18,4,22,10,0,0,2,0,0,2,0,6,3,0,2,94,99,11
420,Hugh McCluggage,14,7,21,3,0,0,1,0,0,2,6,6,2,0,0,69,55,11
421,Jarrod Berry,11,6,17,3,1,0,6,0,0,4,5,2,2,1,0,85,101,11
422,Cameron Rayner,13,3,16,4,0,0,1,0,1,3,4,6,3,0,2,55,67,11
423,Conor McKenna,11,4,15,3,0,1,3,0,2,1,1,3,2,2,0,65,78,11
424,Daniel Rich,10,4,14,3,0,0,0,0,0,1,2,1,3,1,0,48,69,11
425,Jack Gunston,12,1,13,7,0,1,1,0,0,5,0,4,0,1,0,65,56,11
426,Darcy Wilmot,12,1,13,2,0,0,3,0,1,3,2,3,2,2,0,58,68,11
427,Joe Daniher,12,0,12,4,4,2,1,1,1,1,2,0,0,3,0,82,102,11
428,Charlie Cameron,9,3,12,1,2,0,5,0,0,5,1,4,0,0,1,65,77,11
429,Darcy Fort,7,5,12,2,0,0,1,17,0,2,2,6,1,0,3,49,63,11
430,Jack Payne,11,0,11,8,0,0,1,0,0,1,0,2,7,0,0,61,69,11
431,Lincoln McCarthy,5,5,10,3,1,0,4,0,0,1,1,3,0,0,1,53,57,11
432,Zac Bailey,4,6,10,0,2,0,1,0,0,2,2,5,0,1,1,38,69,11
433,Darragh Joyce,7,2,9,6,0,0,2,0,0,0,0,1,1,0,1,48,58,11
434,Oscar McInerney,6,3,9,2,1,0,2,25,0,3,4,2,3,0,0,69,89,11
435,Brandon Starcevich,7,1,8,5,0,0,4,0,0,1,0,4,1,0,2,48,39,11
436,Eric Hipwood,7,0,7,6,0,0,1,0,1,3,0,4,0,0,3,34,38,11
437,Deven Robertson↙,1,0,1,0,0,0,0,0,0,1,0,1,0,1,0,4,0,11
438,Clayton Oliver,22,15,37,4,1,1,9,0,0,11,5,8,4,1,1,149,135,11
439,Angus Brayshaw,18,9,27,6,0,0,2,0,0,1,2,7,5,0,4,86,88,11
440,Christian Petracca,11,13,24,1,1,0,6,0,1,6,5,5,2,1,1,90,97,11
441,Lachlan Hunter,15,7,22,6,1,0,4,0,2,5,1,1,1,1,0,100,99,11
442,Tom Sparrow,7,14,21,4,0,1,0,0,0,4,1,0,2,2,0,64,70,11
443,Jake Lever,14,6,20,8,0,0,1,0,0,1,0,2,5,1,1,80,114,11
444,Jack Viney,8,11,19,0,0,0,6,0,0,2,6,3,2,2,1,69,80,11
445,Trent Rivers,13,6,19,3,0,0,2,0,0,2,1,2,6,0,1,65,79,11
446,Ed Langdon,9,9,18,3,0,0,2,0,0,1,2,1,2,0,0,62,67,11
447,Ben Brown,12,3,15,6,4,0,1,4,0,1,0,0,1,1,0,93,98,11
448,Jake Bowey,12,3,15,2,0,0,2,0,0,4,1,1,4,1,1,54,74,11
449,Adam Tomlinson,10,3,13,1,0,0,1,0,0,1,0,2,5,0,1,40,63,11
450,Alex N-Bullen,8,5,13,6,1,0,5,0,0,3,0,2,0,0,0,78,71,11
451,Bayley Fritsch,10,3,13,6,3,1,3,0,1,2,0,2,0,2,0,87,73,11
452,Brodie Grundy,3,9,12,0,0,0,5,45,0,3,3,3,1,3,0,95,74,11
453,Kade Chandler,8,4,12,6,1,0,2,0,1,4,0,2,1,0,0,64,71,11
454,Tom McDonald,5,5,10,2,1,0,2,1,1,1,2,0,1,1,0,47,61,11
455,James Harmes,3,7,10,0,0,0,2,0,1,0,2,5,0,0,4,19,38,11
456,Charlie Spargo,6,3,9,2,0,0,6,0,2,1,0,3,1,1,1,52,56,11
457,Harrison Petty,1,7,8,0,0,0,3,0,0,0,1,3,0,0,2,23,40,11
458,Judd McVee,4,4,8,2,0,0,0,0,0,1,0,2,1,0,0,26,23,11
459,Jake Melksham↙,2,2,4,1,0,0,2,0,0,0,0,2,0,0,0,21,13,11
460,Max Gawn↗,0,1,1,0,0,0,0,2,0,0,0,1,0,0,0,4,0,11
461,Nick Daicos,21,11,32,4,2,0,2,0,1,6,1,3,5,0,0,117,149,12
462,Tom Mitchell,12,15,27,3,1,0,5,0,1,4,8,3,3,3,2,98,122,12
463,Josh Daicos,17,9,26,3,2,0,1,0,0,4,3,7,0,2,0,96,84,12
464,Steele Sidebottom,14,10,24,3,1,0,3,0,2,4,3,2,0,0,1,86,146,12
465,Jack Crisp,11,11,22,4,0,0,4,0,3,4,3,5,3,3,1,83,101,12
466,Scott Pendlebury,7,13,20,1,0,0,6,0,2,3,6,2,0,3,1,74,120,12
467,Taylor Adams,9,11,20,2,2,1,5,0,0,2,6,1,0,3,1,88,110,12
468,John Noble,14,5,19,5,0,0,2,0,1,4,1,1,6,2,0,77,107,12
469,Darcy Cameron,12,6,18,5,0,1,5,29,1,4,4,4,2,2,2,109,137,12
470,Darcy Moore,11,4,15,8,0,0,0,0,0,4,0,2,7,1,0,66,85,12
471,Isaac Quaynor,7,8,15,5,0,0,1,0,0,1,0,1,3,1,0,57,52,12
472,Will H-Elliott,12,2,14,7,1,0,0,0,0,2,1,2,0,1,0,68,68,12
473,Jamie Elliott,4,8,12,1,2,2,2,0,2,1,0,1,0,2,0,55,103,12
474,Mason Cox,9,3,12,3,1,0,0,9,0,3,0,2,0,4,0,61,76,12
475,Jordan De Goey,4,8,12,3,1,1,6,0,0,2,3,3,0,2,1,67,84,12
476,Bobby Hill,6,6,12,0,1,0,1,0,2,2,0,2,0,0,0,40,71,12
477,Daniel McStay,6,4,10,6,1,0,1,0,1,2,0,1,0,2,1,53,71,12
478,Brody Mihocek↗,8,2,10,5,3,1,1,0,0,0,0,2,0,0,0,66,65,12
479,Brayden Maynard,7,2,9,2,0,1,2,0,0,3,0,1,1,0,1,37,46,12
480,Billy Frampton,8,1,9,5,0,0,2,0,0,0,0,2,6,0,0,49,41,12
481,Nathan Murphy,6,2,8,2,0,0,3,0,0,0,0,3,1,3,2,37,50,12
482,Beau McCreery,3,2,5,1,2,0,4,0,0,2,0,3,1,0,2,38,47,12
483,Reef McInnes↙,1,0,1,1,1,0,0,0,0,0,0,0,0,0,0,12,12,12
484,Oliver Wines,8,13,21,4,0,1,3,0,0,2,5,2,3,3,1,75,93,12
485,Sam P-Pepper,11,10,21,4,0,0,4,0,0,4,3,4,2,0,1,78,89,12
486,Connor Rozee,11,8,19,4,1,1,3,0,0,2,1,2,1,1,0,81,92,12
487,Zak Butters,9,9,18,3,0,0,1,0,0,4,0,1,2,1,0,59,67,12
488,Willem Drew,9,8,17,3,0,0,5,0,0,3,8,5,1,3,4,63,86,12
489,Miles Bergman,9,8,17,6,0,0,3,0,0,2,1,6,4,1,4,62,60,12
490,Darcy B-Jones,10,6,16,5,0,0,1,0,0,1,0,3,3,0,1,58,62,12
491,Dan Houston,13,3,16,7,0,0,3,0,0,2,0,4,3,1,2,73,72,12
492,Jason H-Francis,8,7,15,6,0,0,1,0,0,2,1,7,2,0,6,42,45,12
493,Charlie Dixon,8,6,14,5,3,1,2,6,1,3,3,0,0,1,0,85,123,12
494,Kane Farrell,10,4,14,5,1,0,4,0,0,2,0,3,3,0,0,75,68,12
495,Mitch Georgiades,10,4,14,7,1,2,0,0,1,3,0,5,0,1,3,59,43,12
496,Todd Marshall,10,3,13,3,2,1,1,0,0,3,0,4,0,0,2,56,55,12
497,Willie Rioli,6,7,13,3,0,0,1,0,1,1,0,2,0,0,0,45,41,12
498,Xavier Duursma,8,5,13,5,0,0,1,0,0,2,0,2,2,0,2,47,56,12
499,Travis Boak↙,5,6,11,2,0,0,0,0,1,4,2,4,0,0,1,30,31,12
500,Scott Lycett,2,8,10,1,0,0,1,19,0,2,3,1,1,1,1,46,48,12
501,Aliir Aliir,7,2,9,3,0,0,2,0,0,0,0,4,1,1,3,34,44,12
502,Orazio Fantasia,6,3,9,1,1,2,2,0,1,2,0,1,0,1,0,44,53,12
503,Ryan Burton,9,0,9,3,0,0,1,0,0,1,0,2,6,0,1,37,45,12
504,Lachlan Jones,3,2,5,3,0,0,0,0,0,1,0,2,1,0,1,19,17,12
505,Jase Burgoyne↗,5,0,5,3,0,0,0,0,0,1,0,0,1,0,0,24,25,12
506,Thomas Jonas,2,1,3,2,0,0,0,0,0,0,0,1,0,0,1,11,38,12
507,Rory Laird,16,23,39,4,0,1,8,0,2,7,7,3,0,3,0,142,147,13
508,Jordan Dawson,19,8,27,5,0,0,3,0,0,2,1,0,6,1,0,101,110,13
509,Lachlan Sholl,18,9,27,7,0,0,4,0,0,3,3,4,1,1,0,110,110,13
510,Ben Keays,10,11,21,2,0,2,3,0,0,2,0,3,2,1,1,70,64,13
511,Brodie Smith,15,5,20,4,0,1,4,0,0,4,4,7,3,0,2,78,58,13
512,Josh Rachele,13,6,19,4,2,1,2,0,0,4,2,4,0,1,0,85,70,13
513,Jake Soligo,9,9,18,5,0,1,6,0,0,2,0,2,2,1,0,86,83,13
514,Reilly O'Brien,4,13,17,6,0,0,4,30,1,1,4,3,0,2,2,98,97,13
515,Rory Sloane,7,9,16,2,0,0,1,0,0,1,3,2,1,1,0,50,46,13
516,Mitchell Hinge,9,7,16,4,0,0,2,0,0,1,1,2,3,0,1,58,80,13
517,Taylor Walker,12,2,14,10,2,3,1,0,1,4,0,2,0,1,1,87,97,13
518,Tom Doedee,7,6,13,6,0,0,2,0,0,2,1,0,2,0,0,59,82,13
519,Lachlan Murphy,10,3,13,2,0,0,1,0,3,6,3,1,0,1,0,47,80,13
520,Harry Schoenberg,9,4,13,3,0,0,1,0,0,1,0,4,1,0,1,45,49,13
521,Nick Murray,9,4,13,5,0,0,1,0,0,1,1,2,5,1,0,55,82,13
522,Darcy Fogarty,11,1,12,6,3,1,1,0,1,2,0,2,1,1,0,77,77,13
523,Izak Rankine,8,4,12,2,2,1,3,0,0,3,2,4,0,0,3,54,48,13
524,Luke Pedlar,9,3,12,6,0,2,2,0,0,1,0,3,0,0,2,55,36,13
525,Sam Berry,5,6,11,2,0,0,5,0,1,1,0,1,1,2,1,52,58,13
526,Elliott Himmelberg,7,2,9,4,0,0,0,1,0,1,0,1,1,0,1,35,50,13
527,Riley Thilthorpe↙,5,3,8,3,1,0,1,4,0,3,1,2,1,0,1,41,40,13
528,Max Michalanney,4,4,8,2,0,0,5,0,0,1,0,2,3,2,0,48,48,13
529,Patrick Parnell↗,0,0,0,0,0,0,0,0,0,0,0,0,0,1,0,1,3,13
530,Tim Taranto,15,13,28,4,0,1,8,0,0,7,7,7,1,1,3,108,95,13
531,Liam Baker,15,10,25,5,1,0,3,0,1,2,1,3,8,2,0,100,118,13
532,Jacob Hopper,10,13,23,7,1,0,6,0,1,6,4,0,3,2,0,109,119,13
533,Daniel Rioli,17,6,23,7,0,0,1,0,0,2,2,2,4,1,0,89,75,13
534,Dion Prestia,7,14,21,1,0,0,0,0,0,2,3,5,0,0,2,46,57,13
535,Nick Vlastuin,17,3,20,5,0,0,2,0,0,1,0,1,8,1,1,78,104,13
536,Jayden Short,15,5,20,3,1,0,0,0,2,5,1,0,1,0,0,70,100,13
537,Marlion Pickett,10,9,19,5,0,0,1,0,2,5,1,4,1,0,3,58,61,13
538,Toby Nankervis,8,10,18,4,0,0,4,37,0,2,6,3,1,2,3,102,118,13
539,Trent Cotchin,8,9,17,2,1,0,1,0,0,2,3,2,1,1,0,59,85,13
540,Nathan Broad,10,6,16,4,1,0,2,0,0,0,1,1,5,1,1,66,85,13
541,Shai Bolton,11,5,16,3,1,0,3,0,0,5,3,3,0,0,2,64,54,13
542,Jack Graham,6,9,15,6,1,0,4,0,1,2,0,1,0,2,0,78,72,13
543,Dustin Martin↗,8,6,14,6,1,0,1,0,0,2,1,1,0,0,0,64,68,13
544,Kamdyn Mcintosh,6,7,13,1,0,1,1,0,0,0,2,4,0,0,0,40,35,13
545,Noah Balta,13,0,13,10,0,0,0,0,0,1,0,1,6,0,0,69,88,13
546,Tom Lynch,10,1,11,8,3,0,0,0,1,1,0,6,0,0,3,65,81,13
547,Jack Riewoldt,6,3,9,6,2,2,0,0,3,2,0,0,0,0,0,56,78,13
548,Dylan Grimes,1,7,8,1,0,0,1,0,0,0,0,1,1,0,1,21,37,13
549,Samson Ryan,4,2,6,4,3,0,1,6,0,1,1,1,0,1,0,57,72,13
550,Maurice Rioli,5,0,5,0,0,0,2,0,1,0,0,1,0,0,0,23,17,13
551,Tylar Young,5,0,5,2,0,0,1,0,0,2,0,2,1,1,1,23,34,13
552,Rhyan Mansell↙,2,1,3,0,1,0,1,0,0,1,0,0,0,1,0,19,31,13
553,Bailey Smith,18,10,28,6,0,0,3,0,0,5,5,4,2,1,0,105,87,14
554,Jackson Macrae,7,18,25,2,0,0,2,0,1,3,2,1,1,2,0,73,85,14
555,Thomas Liberatore,9,15,24,3,0,0,8,0,0,1,6,2,2,0,0,98,87,14
556,Marcus Bontempelli,13,11,24,4,0,0,5,1,1,4,6,1,2,1,1,92,125,14
557,Caleb Daniel,13,10,23,4,0,1,3,0,0,2,3,1,3,0,0,84,77,14
558,Hayden Crozier,16,6,22,10,0,1,2,0,0,0,0,2,6,3,0,102,96,14
559,Bailey Dale,12,9,21,2,0,0,1,0,0,2,0,1,4,1,1,62,83,14
560,Timothy English,11,10,21,8,1,0,5,26,0,1,5,8,1,3,5,117,139,14
561,Taylor Duryea,15,4,19,5,0,0,1,0,0,3,0,2,4,0,1,69,81,14
562,Ed Richards,14,5,19,6,0,0,1,0,0,2,3,2,2,1,1,72,70,14
563,Alex Keath,13,4,17,10,0,0,2,0,0,2,0,1,5,0,0,85,71,14
564,Josh Bruce,10,7,17,10,0,0,3,0,0,0,0,4,2,1,1,84,74,14
565,Toby McLean,3,14,17,4,0,0,3,0,1,2,3,2,0,0,0,61,62,14
566,Oskar Baker,8,5,13,6,1,1,1,0,0,2,0,2,0,0,0,63,55,14
567,Liam Jones,10,2,12,9,0,0,0,0,0,0,0,1,4,0,1,58,76,14
568,Riley Garcia,5,7,12,0,1,0,6,0,0,1,1,1,0,1,1,57,63,14
569,Bailey Williams,10,1,11,6,0,1,4,0,0,0,0,1,1,0,0,67,51,14
570,Aaron Naughton,9,2,11,6,2,2,3,2,1,5,0,2,0,2,0,79,74,14
571,Anthony Scott,6,4,10,4,0,1,3,0,0,1,1,1,1,0,1,48,38,14
572,Jamarra U-Hagan,5,3,8,4,0,2,0,0,0,1,0,6,0,0,3,26,23,14
573,Rhylee West,1,3,4,1,0,0,3,0,0,0,0,2,0,0,2,18,29,14
574,Robbie McComb↙,1,2,3,0,0,0,0,0,0,0,0,0,0,0,0,7,7,14
575,Sam Darcy↗,1,1,2,1,0,0,2,3,0,0,1,3,2,0,3,10,16,14
576,Jack Sinclair,22,11,33,5,0,0,2,0,1,3,0,2,2,2,1,110,124,14
577,Jack Steele,15,14,29,5,1,0,6,0,0,7,6,4,2,0,0,118,96,14
578,Brad Crouch,11,15,26,4,0,0,9,0,2,4,6,1,1,0,0,111,114,14
579,Hunter Clark,14,12,26,7,0,0,3,0,0,4,2,6,0,1,3,91,60,14
580,Sebastian Ross,17,7,24,5,0,0,3,0,2,8,8,1,2,0,0,92,89,14
581,Mason Wood,15,9,24,7,1,2,3,0,1,2,1,4,4,0,1,101,106,14
582,Bradley Hill,13,9,22,8,0,0,4,0,2,2,1,3,0,2,0,99,74,14
583,Ben Paton,14,7,21,7,0,0,2,0,0,1,0,1,3,2,0,87,96,14
584,Rowan Marshall,10,10,20,4,0,0,6,29,0,3,9,4,2,4,1,116,129,14
585,Nasiah W-Milera,15,4,19,6,0,0,2,0,1,1,0,1,6,0,0,79,76,14
586,Jade Gresham,12,6,18,7,2,0,2,0,1,4,2,3,0,2,1,88,76,14
587,Liam Stocker,13,5,18,8,0,0,6,0,0,0,1,1,2,1,0,98,74,14
588,Dougal Howard,13,4,17,9,0,0,0,0,0,1,1,2,2,0,0,74,72,14
589,Callum Wilkie,11,6,17,9,0,0,3,0,0,1,0,4,2,0,2,78,51,14
590,Mitchito Owens,9,8,17,3,3,2,4,0,0,2,1,0,0,2,0,90,97,14
591,Josh Battle,9,6,15,6,0,0,2,0,0,0,0,0,1,1,0,66,72,14
592,Zaine Cordy,9,4,13,6,2,0,2,7,0,3,0,2,0,2,0,82,70,14
593,Anthony Caminiti,9,4,13,9,2,1,1,0,0,6,0,1,0,0,0,79,73,14
594,Daniel Butler,8,4,12,1,0,0,5,0,1,2,0,6,1,2,1,54,50,14
595,Jack Higgins,4,4,8,2,0,1,4,0,0,1,0,4,0,0,4,31,31,14
596,Ryan Byrnes↗,2,6,8,2,0,0,3,0,0,0,0,0,1,0,0,36,34,14
597,Mattaes Phillipou,4,3,7,3,3,0,0,0,0,2,1,2,0,0,1,42,59,14
598,Marcus Windhager↙,0,4,4,1,0,0,2,0,0,0,0,1,0,0,1,16,8,14
599,Caleb Serong,18,13,31,5,0,1,5,0,2,3,4,4,4,2,1,115,101,15
600,James Aish,16,14,30,5,0,0,0,0,0,6,3,2,4,3,0,94,113,15
601,Luke Ryan,22,8,30,10,0,0,2,0,0,2,0,3,7,1,2,115,122,15
602,Andrew Brayshaw,18,10,28,5,0,0,7,0,1,7,4,2,1,3,0,120,106,15
603,Jaeger O'Meara,12,9,21,5,2,1,2,0,0,3,4,2,0,2,1,89,99,15
604,Brennan Cox,13,7,20,5,1,0,2,0,0,0,0,2,4,1,1,80,131,15
605,Nathan Wilson,10,8,18,5,0,0,1,0,0,2,0,1,1,0,0,65,52,15
606,Jordan Clark,11,7,18,6,0,0,2,0,0,3,0,3,0,4,2,71,70,15
607,Liam Henry,13,5,18,5,0,1,2,0,1,5,0,2,0,0,0,73,54,15
608,Will Brodie,5,12,17,1,1,0,5,0,0,0,5,5,0,1,3,60,71,15
609,Heath Chapman,9,8,17,5,0,0,3,0,0,1,0,1,3,2,0,72,70,15
610,Ethan Hughes,10,6,16,5,0,0,2,0,0,4,3,2,2,1,0,66,71,15
611,Bailey Banfield,6,10,16,3,1,0,3,0,0,2,0,3,0,1,0,66,80,15
612,Sam Switkowski,5,10,15,5,1,1,3,0,0,2,1,0,0,0,0,69,79,15
613,Hayden Young,8,6,14,7,0,0,0,0,0,2,1,3,1,1,2,52,50,15
614,Alex Pearce,9,3,12,4,0,0,1,0,0,0,1,3,6,2,2,45,73,15
615,Michael Frederick,7,5,12,6,1,2,3,0,0,2,1,3,0,1,2,64,62,15
616,Lachlan Schultz,6,5,11,4,1,1,1,0,0,3,0,1,0,2,1,50,54,15
617,Luke Jackson,4,6,10,1,0,0,4,17,0,1,0,4,1,1,1,58,57,15
618,Michael Walters↙,5,2,7,2,2,1,1,0,0,2,0,0,0,2,0,44,62,15
619,Matthew Taberner↗,4,3,7,4,0,0,2,0,0,1,0,3,0,0,1,35,30,15
620,Sean Darcy,4,2,6,1,0,0,5,28,0,2,3,6,0,3,3,61,41,15
621,Jye Amiss,1,2,3,2,0,0,3,0,0,0,0,2,0,1,1,23,11,15
622,Luke D-Uniacke,16,14,30,7,1,1,6,0,0,4,11,3,4,1,2,123,155,15
623,Harry Sheezel,22,8,30,8,0,0,6,0,0,2,1,6,9,0,1,127,114,15
624,Jack Ziebell,22,4,26,11,0,0,1,0,0,0,0,1,6,1,1,109,123,15
625,Cameron Zurhaar,14,12,26,1,0,2,2,0,3,5,6,5,1,0,1,76,71,15
626,Jy Simpkin,17,8,25,2,1,0,4,0,1,10,4,5,1,0,2,89,93,15
627,Ben Cunnington,9,15,24,2,0,1,3,0,2,3,6,4,0,3,3,70,85,15
628,Aidan Corr,17,5,22,10,0,0,3,0,0,0,0,4,4,4,2,101,98,15
629,Liam Shiels,10,9,19,3,0,0,7,0,0,4,4,2,1,2,0,87,77,15
630,Tom Powell,9,10,19,3,1,0,1,0,0,4,2,3,0,0,1,63,73,15
631,Luke McDonald,12,3,15,5,0,0,2,0,0,2,0,3,5,0,1,62,56,15
632,Josh Goater,9,6,15,5,0,0,2,0,1,2,0,3,0,0,2,56,55,15
633,Hugh Greenwood,6,8,14,3,0,0,2,2,0,1,1,5,0,0,2,47,37,15
634,Griffin Logue,9,4,13,7,0,0,3,0,0,0,0,1,2,0,0,68,87,15
635,Jaidyn Stephenson,7,6,13,2,2,0,0,0,0,3,2,1,0,0,0,51,54,15
636,Kayne Turner,7,5,12,5,0,0,3,0,0,0,0,0,0,1,0,59,57,15
637,Bailey Scott,9,3,12,6,0,0,4,0,0,0,2,3,4,0,2,61,57,15
638,Curtis Taylor,6,5,11,4,2,0,1,0,0,2,1,4,1,1,3,48,49,15
639,Miller Bergman,6,4,10,6,0,0,1,0,1,0,0,0,2,0,0,48,55,15
640,Nick Larkey,6,3,9,2,4,0,1,0,0,1,0,0,0,3,0,61,87,15
641,Daniel Howe↙,6,2,8,1,0,0,1,0,0,2,2,4,1,1,2,24,33,15
642,Paul Curtis↗,4,4,8,1,0,0,0,0,1,0,0,3,0,0,1,20,23,15
643,Todd Goldstein,2,5,7,0,0,0,2,27,0,0,3,4,1,3,3,45,90,15
644,Charlie Comben,6,0,6,1,0,1,2,1,0,1,0,9,0,3,5,19,12,15
645,Callum Mills,14,14,28,6,2,0,3,0,0,4,0,3,3,0,1,109,123,16
646,Errol Gulden,19,9,28,7,0,1,3,0,1,4,3,4,6,1,2,104,107,16
647,Luke Parker,11,16,27,5,1,0,4,0,0,5,4,4,0,1,0,103,96,16
648,Oliver Florent,11,14,25,6,0,0,2,0,3,4,0,1,1,1,1,85,107,16
649,Jake Lloyd,16,8,24,7,0,0,2,0,0,4,1,2,4,0,0,93,102,16
650,Nick Blakey,18,6,24,3,0,0,2,0,1,1,0,2,8,1,1,81,103,16
651,Tom Papley,12,5,17,9,2,3,0,0,2,6,1,2,0,0,1,85,94,16
652,Justin McInerney,7,9,16,5,0,1,2,0,0,1,2,1,1,1,1,61,61,16
653,Dane Rampe,9,6,15,6,0,0,1,0,0,0,0,0,2,0,0,61,82,16
654,Dylan Stephens,10,5,15,1,0,1,2,0,1,2,1,3,2,1,0,53,67,16
655,Chad Warner,7,8,15,2,0,1,4,0,0,3,4,1,1,1,0,61,80,16
656,Braeden Campbell,13,2,15,5,0,0,5,0,0,1,0,1,2,1,1,76,86,16
657,Will Hayward,10,4,14,5,1,2,5,0,1,2,1,2,0,1,0,82,81,16
658,James Rowbottom,7,7,14,0,0,1,6,0,0,3,4,3,1,2,1,59,70,16
659,Isaac Heeney,9,4,13,6,2,0,4,0,2,3,0,4,2,1,1,79,77,16
660,Patrick McCartin,8,5,13,5,0,0,0,0,0,2,0,0,3,0,0,49,73,16
661,Peter Ladhams,8,5,13,3,0,0,2,17,0,3,4,5,1,3,1,68,59,16
662,Logan McDonald,10,3,13,5,5,1,0,0,0,2,0,1,0,2,0,84,95,16
663,Tom McCartin,4,8,12,3,0,0,3,0,0,0,0,3,1,0,1,46,51,16
664,Joel Amartey↗,10,1,11,9,4,2,1,0,1,3,0,1,0,2,0,91,122,16
665,Harry Cunningham,4,5,9,1,0,0,1,0,1,2,1,1,0,1,1,27,42,16
666,Hayden McLean,4,2,6,2,0,1,4,5,1,2,1,5,0,0,4,32,31,16
667,Matthew Roberts↙,4,1,5,0,0,1,0,0,0,1,0,1,0,0,0,15,10,16
668,Will Day,11,15,26,4,0,0,4,0,0,4,7,2,2,4,1,92,98,16
669,James Sicily,14,11,25,7,0,0,2,0,0,1,0,2,7,0,2,87,99,16
670,Jai Newcombe,16,9,25,5,0,1,4,0,0,4,5,1,2,1,0,99,99,16
671,Jarman Impey,12,11,23,6,0,0,0,0,0,0,1,2,3,0,1,73,51,16
672,Karl Amon,12,11,23,3,0,0,1,0,0,3,1,1,1,0,0,71,85,16
673,Dylan Moore,15,8,23,8,1,1,4,0,0,5,1,1,1,1,0,109,109,16
674,James Worpel,14,8,22,3,1,0,3,0,0,8,6,5,3,3,2,82,99,16
675,Lachlan Bramble,18,4,22,5,0,0,3,0,0,3,1,2,7,1,0,90,75,16
676,Conor Nash,10,9,19,4,0,0,1,1,1,1,4,3,2,0,1,62,60,16
677,Josh Ward,8,11,19,3,0,1,3,0,0,1,2,2,1,0,1,65,70,16
678,Changkuoth Jiath,10,7,17,4,0,0,2,0,0,1,1,4,1,0,2,58,67,16
679,Connor MacDonald,9,6,15,5,0,1,2,0,0,1,0,2,2,0,0,63,60,16
680,Cameron Mackenzie,7,5,12,1,0,1,3,0,0,2,3,3,0,0,1,44,52,16
681,Jacob Koschitzke,5,6,11,4,0,1,1,0,0,1,0,1,0,1,0,45,64,16
682,Luke Breust,7,3,10,4,1,2,4,0,1,2,0,4,0,0,1,60,55,16
683,Blake Hardwick,8,2,10,2,0,0,2,0,0,0,0,2,3,2,0,44,58,16
684,Fergus Greene,9,1,10,6,0,4,0,0,1,2,0,2,0,0,0,51,49,16
685,Finn Maginness,5,5,10,3,0,0,1,0,0,1,0,4,1,1,1,36,33,16
686,Lloyd Meek,5,4,9,1,1,1,8,19,0,0,3,3,1,2,1,83,98,16
687,Sam Frost,4,2,6,3,0,0,4,0,0,1,0,6,1,0,4,29,27,16
688,James Blanck,4,2,6,2,0,0,3,0,0,0,0,1,2,1,0,35,44,16
689,Ned Reeves↗,2,2,4,1,0,0,0,14,0,1,0,2,0,0,1,24,23,16
690,Sam Butler↙,1,2,3,1,0,0,2,0,0,0,0,1,1,0,0,18,7,16
691,Zachary Merrett,16,15,31,4,0,1,3,0,0,7,4,3,1,0,1,100,114,17
692,Darcy Parish,16,14,30,2,0,0,6,0,0,7,11,5,5,3,2,103,124,17
693,Will Setterfield,17,11,28,4,1,0,9,0,1,10,5,2,1,3,0,130,147,17
694,Dylan Shiel,12,15,27,3,2,0,4,0,0,4,7,4,4,0,0,103,109,17
695,Andrew McGrath,13,12,25,5,0,0,2,0,0,3,0,2,5,2,0,88,101,17
696,Mason Redman,17,5,22,7,0,1,6,0,0,1,0,4,4,2,2,103,110,17
697,Sam Durham,8,12,20,4,0,1,3,0,1,1,1,2,3,1,1,71,84,17
698,Jordan Ridley,13,5,18,5,0,0,0,0,0,0,1,2,7,0,0,64,70,17
699,Massimo D'Ambrosio,13,5,18,5,0,0,1,0,1,2,0,3,3,0,1,65,59,17
700,Jye Caldwell,7,8,15,2,0,1,7,0,1,5,2,1,1,2,1,71,83,17
701,Dyson Heppell↗,7,7,14,7,0,0,1,0,0,3,0,2,1,0,0,60,43,17
702,Kyle Langford,12,2,14,7,5,2,1,0,1,0,0,2,0,0,0,97,109,17
703,Jayden Laverde,9,5,14,4,0,0,3,0,0,0,0,2,1,0,1,58,77,17
704,Nicholas Martin,6,7,13,1,1,0,1,0,1,0,0,5,2,0,1,42,49,17
705,Jake Kelly,6,5,11,5,0,0,3,0,0,3,1,1,1,1,1,53,63,17
706,Brandon Z-Thatcher,5,6,11,6,0,0,1,0,0,0,0,1,3,0,1,46,70,17
707,Sam Draper,6,4,10,5,0,2,1,24,1,0,3,3,2,0,2,65,60,17
708,Alwyn Davey,5,5,10,1,1,0,3,0,0,2,0,2,0,1,0,47,45,17
709,Archie Perkins,5,3,8,3,1,0,1,0,1,2,0,2,0,0,2,34,45,17
710,Jye Menzie,6,2,8,5,2,0,4,0,0,0,0,2,0,0,1,62,58,17
711,Andrew Phillips,4,3,7,0,1,0,4,14,1,2,0,2,0,2,0,56,54,17
712,Harrison Jones,6,1,7,4,0,0,1,0,1,4,0,0,0,1,0,37,47,17
713,Matt Guelfi↙,4,2,6,1,2,0,1,0,0,1,1,2,0,0,1,32,45,17
714,Touk Miller,24,7,31,3,0,0,5,0,0,5,5,10,5,2,5,102,106,17
715,Noah Anderson,18,7,25,4,0,2,1,0,0,5,7,2,2,0,1,83,91,17
716,Lachlan Weller,18,6,24,7,0,1,0,0,0,3,1,1,4,0,0,88,63,17
717,Matt Rowell,14,8,22,4,0,0,6,0,1,8,10,2,0,1,0,95,94,17
718,Ben Ainsworth,9,10,19,3,1,2,1,0,1,5,0,2,1,2,0,70,86,17
719,Charlie Constable,13,6,19,8,0,0,2,0,0,3,2,2,8,1,1,81,67,17
720,Darcy Macpherson,16,2,18,5,0,0,0,0,1,3,0,1,5,0,0,67,74,17
721,Samuel Collins,10,7,17,11,0,0,4,0,0,0,0,2,2,1,1,91,91,17
722,Jack Lukosius,15,2,17,6,1,1,1,0,1,3,0,3,3,2,1,77,88,17
723,Ben Long,6,9,15,2,0,0,2,0,0,2,2,3,3,0,1,47,56,17
724,David Swallow,8,6,14,4,0,1,5,0,1,5,4,2,0,1,0,70,70,17
725,Jarrod Witts,6,6,12,4,1,0,0,36,1,3,5,0,0,0,0,84,108,17
726,Ben King,4,8,12,2,2,0,0,0,1,1,0,2,0,0,1,43,70,17
727,Nicholas Holman,5,6,11,5,0,0,1,0,0,3,2,4,0,1,3,38,45,17
728,Malcolm Rosas,7,4,11,1,0,3,3,0,0,1,1,1,0,2,0,49,55,17
729,Sam Flanders,5,6,11,6,0,0,2,0,0,0,0,0,0,0,0,53,46,17
730,Joel Jeffrey,10,1,11,3,1,2,5,0,1,3,0,0,0,2,0,71,86,17
731,Elijah Hollands,9,1,10,4,1,0,4,0,0,1,0,1,2,0,0,63,72,17
732,Levi Casboult,3,5,8,3,2,0,0,3,0,1,1,2,0,1,1,41,50,17
733,Brayden Fiorini↗,6,2,8,1,1,0,2,0,0,0,1,1,2,1,0,40,42,17
734,Charlie Ballard,1,5,6,1,0,0,2,0,0,1,0,3,0,0,2,18,17,17
735,Alex Sexton↙,4,1,5,2,1,1,0,0,0,1,0,1,0,0,0,27,26,17
736,Bodhi Uwland,5,0,5,2,0,0,2,0,0,0,1,1,4,1,1,27,32,17
737,Tim Kelly,14,18,32,6,1,0,0,0,0,3,5,4,2,0,0,102,121,18
738,Jamaine Jones,18,9,27,1,0,0,1,0,1,11,4,6,3,0,0,79,93,18
739,Dominic Sheed,9,17,26,4,0,0,1,0,1,4,7,4,1,1,2,72,88,18
740,Andrew Gaff,16,6,22,6,0,0,0,0,1,5,1,2,1,0,0,78,87,18
741,Jayden Hunt,17,5,22,4,2,0,1,0,1,4,0,3,5,0,1,86,98,18
742,Shannon Hurn,17,4,21,6,0,0,2,0,0,2,1,0,8,0,0,85,91,18
743,Jeremy McGovern,14,7,21,7,0,0,0,0,0,0,1,3,6,3,1,77,116,18
744,Luke Shuey,5,15,20,1,0,1,3,0,0,2,9,2,0,5,2,60,74,18
745,Sam P-Seton,9,11,20,5,0,0,1,0,2,4,0,3,0,0,0,68,72,18
746,Jamie Cripps,8,9,17,4,3,2,1,0,0,2,1,4,0,1,2,73,85,18
747,Liam Ryan,13,4,17,6,1,1,4,0,1,4,0,3,0,2,2,84,96,18
748,Reuben Ginbey,9,8,17,2,0,0,6,0,0,4,1,4,1,1,1,71,76,18
749,Jake Waterman,11,5,16,8,4,2,2,8,0,0,0,1,0,1,0,110,114,18
750,Alex Witherden,9,6,15,2,0,0,4,0,0,1,2,4,5,3,2,58,64,18
751,Liam Duggan,11,3,14,8,0,0,1,0,0,2,0,1,3,0,0,67,55,18
752,Jack Darling,9,3,12,4,1,1,5,5,1,2,2,1,0,1,1,75,93,18
753,Tom Cole,7,4,11,3,0,0,2,0,0,1,1,3,2,0,2,40,52,18
754,Bailey J. Williams,3,7,10,1,0,0,2,20,0,1,2,4,2,0,1,51,65,18
755,Oscar Allen,6,3,9,4,2,2,1,0,0,2,0,1,0,0,0,54,68,18
756,Tom Barrass,4,4,8,1,0,0,0,0,0,0,0,2,0,0,2,17,34,18
757,Noah Long,3,4,7,0,0,0,4,0,2,3,0,0,0,1,0,34,62,18
758,Campbell Chesser↗,3,3,6,1,0,1,2,0,0,1,0,1,0,0,0,27,27,18
759,Elijah Hewett↙,1,2,3,0,0,0,0,0,0,0,0,2,0,0,1,4,2,18
760,Stephen Coniglio,10,17,27,2,0,0,9,0,0,5,9,6,2,0,1,103,107,18
761,Tom Green,14,13,27,4,0,0,4,0,0,3,5,4,4,0,2,90,106,18
762,Callan Ward,6,17,23,1,0,1,2,0,2,3,5,1,0,1,0,65,72,18
763,Isaac Cumming,16,7,23,2,0,0,1,0,0,1,1,3,9,0,0,72,81,18
764,Jack Buckley,11,10,21,5,0,0,2,0,0,0,0,3,3,0,0,76,99,18
765,Lachlan Ash,17,4,21,2,0,0,1,0,0,4,0,1,7,1,0,70,94,18
766,Finn Callaghan,9,10,19,4,0,1,1,0,0,5,0,5,3,0,1,61,45,18
767,Cooper Hamilton,8,11,19,5,1,0,2,0,1,1,0,4,1,3,0,78,81,18
768,Toby Greene,11,7,18,4,4,2,2,0,1,3,2,5,0,2,2,89,97,18
769,Matthew Flynn,7,10,17,3,0,0,5,39,0,5,5,2,2,4,1,110,132,18
770,Nick Haynes,11,5,16,6,0,0,0,0,0,0,0,1,2,1,1,59,89,18
771,Jesse Hogan,11,4,15,8,3,4,3,1,1,1,0,1,0,2,0,102,95,18
772,Connor Idun,6,9,15,7,0,0,1,0,0,2,0,3,4,0,0,61,60,18
773,Daniel Lloyd,6,7,13,2,1,0,0,0,1,4,0,2,0,0,1,41,50,18
774,Brent Daniels,9,4,13,4,1,0,3,0,0,4,0,3,0,0,2,59,56,18
775,Sam Taylor,5,8,13,9,0,0,1,0,0,1,0,2,2,0,1,59,74,18
776,Jake Riccardi,5,6,11,2,0,1,1,1,0,3,1,4,0,0,2,33,36,18
777,Adam Kennedy,7,2,9,2,0,0,2,0,1,1,0,2,1,1,2,34,39,18
778,James Peatling,9,0,9,2,0,1,3,0,0,3,0,5,0,3,1,46,35,18
779,Harrison Himmelberg,4,4,8,4,1,1,0,3,0,1,2,1,2,0,1,39,40,18
780,Harry Rowston,3,4,7,1,0,1,0,0,0,1,2,1,0,1,1,19,48,18
781,Conor Stone↙,3,2,5,0,0,0,3,0,0,1,0,1,0,1,0,26,21,18
782,Jacob Wehr↗,1,2,3,0,0,0,1,0,0,0,1,1,1,0,0,11,13,18
783,Jackson Macrae,17,13,30,6,0,0,4,0,1,7,3,2,2,3,1,111,114,19
784,Bailey Dale,14,16,30,5,0,0,1,0,0,2,2,3,2,0,1,90,102,19
785,Thomas Liberatore,13,16,29,6,0,0,9,0,1,2,3,5,2,0,2,119,120,19
786,Adam Treloar,15,13,28,4,0,1,5,0,0,1,9,5,1,1,2,99,116,19
787,Marcus Bontempelli,16,12,28,4,0,1,6,0,0,7,7,13,1,3,6,94,89,19
788,Ed Richards,19,6,25,6,0,1,4,0,0,2,0,3,8,2,1,103,111,19
789,Alex Keath,11,10,21,7,0,0,0,0,0,1,0,4,4,1,1,72,91,19
790,Caleb Daniel,10,9,19,4,0,0,4,0,0,3,4,2,1,1,0,77,86,19
791,Bailey Smith,9,10,19,6,0,0,3,0,1,1,4,2,2,0,2,71,102,19
792,Oskar Baker,17,1,18,7,1,0,2,0,2,8,0,0,1,0,0,88,95,19
793,Bailey Williams,11,6,17,8,1,2,0,0,1,3,2,2,0,0,1,74,85,19
794,Timothy English,11,5,16,8,0,0,3,31,0,2,4,2,3,1,0,111,139,19
795,Anthony Scott,8,8,16,2,0,0,2,0,0,2,0,3,2,1,0,55,55,19
796,Jason Johannisen,14,1,15,7,0,0,1,0,0,3,0,2,5,0,0,69,49,19
797,Aaron Naughton,9,4,13,4,1,0,5,1,1,3,0,4,0,3,1,74,91,19
798,Josh Bruce,6,5,11,4,0,0,0,0,0,1,0,3,1,0,2,34,38,19
799,Liam Jones,9,1,10,4,0,0,2,0,0,0,0,1,3,2,1,48,68,19
800,Hayden Crozier,6,4,10,2,0,0,1,0,0,1,0,3,2,0,1,33,49,19
801,Riley Garcia,4,6,10,1,0,0,2,0,0,1,0,8,0,0,2,29,-6,19
802,Jamarra U-Hagan,5,4,9,2,5,0,1,0,0,1,0,0,0,4,0,67,80,19
803,Arthur Jones,3,2,5,0,0,1,1,0,0,0,0,0,0,0,0,18,26,19
804,Rory Lobb↗,3,1,4,1,2,0,0,3,0,0,0,2,0,0,2,23,44,19
805,Robbie McComb↙,1,1,2,1,0,0,1,0,0,0,0,0,0,0,0,12,19,19
806,Lachie Neale,12,19,31,2,1,1,4,0,0,3,8,4,1,4,1,104,117,19
807,Josh Dunkley,17,7,24,9,0,0,6,0,0,4,4,4,1,0,0,116,108,19
808,Will Ashcroft,12,11,23,2,0,0,2,0,0,2,4,2,4,2,1,71,80,19
809,Harris Andrews,16,5,21,16,0,0,1,0,1,1,0,3,5,1,1,108,130,19
810,Brandon Starcevich,16,4,20,5,0,0,2,0,0,1,0,2,2,2,0,81,98,19
811,Dayne Zorko,9,10,19,4,0,0,3,0,1,1,2,4,2,0,3,62,68,19
812,Conor McKenna,14,5,19,2,0,0,1,0,0,5,3,5,7,0,1,59,57,19
813,Hugh McCluggage,11,8,19,3,0,0,3,0,0,6,3,4,2,1,0,71,64,19
814,Jarrod Berry,11,7,18,3,0,0,2,0,0,7,2,4,0,4,0,68,66,19
815,Cameron Rayner,10,5,15,6,1,0,0,0,0,1,0,1,2,1,0,65,69,19
816,Darcy Wilmot,11,4,15,7,0,0,1,0,0,2,0,2,2,0,0,66,69,19
817,Zac Bailey,9,4,13,4,0,0,4,0,0,1,2,6,2,0,3,54,39,19
818,Jack Payne,10,3,13,7,0,0,2,0,0,0,0,4,5,0,2,59,58,19
819,Keidean Coleman,9,4,13,1,0,0,3,0,0,0,1,4,3,1,1,48,47,19
820,Oscar McInerney,3,9,12,3,0,1,4,28,0,2,2,3,1,0,0,81,77,19
821,Jack Gunston,7,3,10,6,3,2,1,0,0,0,0,0,0,2,0,71,81,19
822,Darcy Fort↗,7,2,9,3,0,0,0,16,0,4,0,2,0,1,1,48,53,19
823,Lincoln McCarthy,4,4,8,2,0,0,1,0,0,3,0,0,0,1,0,31,37,19
824,Charlie Cameron,7,1,8,2,1,1,5,0,0,2,1,0,0,1,0,57,58,19
825,Darragh Joyce,7,1,8,4,0,0,0,0,0,0,0,5,1,2,5,22,48,19
826,Joe Daniher,6,1,7,3,0,4,2,0,1,1,1,3,0,1,2,36,27,19
827,Eric Hipwood,5,1,6,3,1,1,3,0,0,1,0,1,0,1,1,43,55,19
828,Noah Answerth↙,3,2,5,0,0,0,2,0,0,1,0,1,0,1,0,22,30,19
829,Jordan De Goey,23,12,35,6,0,3,2,0,2,8,9,6,0,1,1,120,122,20
830,Nick Daicos,16,17,33,5,0,0,1,0,0,2,2,3,4,2,1,100,109,20
831,Tom Mitchell,12,18,30,3,0,0,5,0,0,4,5,1,0,2,0,103,109,20
832,Josh Daicos,19,9,28,3,1,0,1,0,0,4,7,2,5,0,1,91,117,20
833,Jack Crisp,14,11,25,3,0,0,2,0,1,4,1,5,0,1,2,76,81,20
834,Scott Pendlebury,9,15,24,0,1,0,3,0,2,6,4,2,0,0,1,72,102,20
835,Steele Sidebottom,15,9,24,3,0,0,2,0,0,4,4,1,2,0,0,80,114,20
836,Brayden Maynard,14,7,21,1,0,0,5,0,0,2,0,7,5,1,3,71,84,20
837,Taylor Adams,10,10,20,3,0,0,1,0,0,5,0,7,0,2,2,59,32,20
838,Jamie Elliott,9,8,17,3,2,1,4,0,0,1,0,2,0,2,1,80,101,20
839,Daniel McStay,11,5,16,5,1,2,3,4,0,2,1,5,1,1,2,77,71,20
840,Isaac Quaynor,7,9,16,5,0,0,1,0,0,3,1,2,2,0,0,58,58,20
841,John Noble,10,6,16,3,0,0,1,0,0,0,0,3,2,0,0,55,51,20
842,Ash Johnson,9,6,15,3,1,3,2,3,2,1,0,5,0,1,3,60,80,20
843,Billy Frampton,8,5,13,6,0,0,2,0,0,2,0,3,5,0,1,57,78,20
844,Beau McCreery,8,5,13,2,0,0,7,0,0,4,0,3,1,1,2,63,65,20
845,Brody Mihocek,9,2,11,4,1,0,7,0,0,2,0,3,0,1,1,75,76,20
846,Darcy Cameron↗,5,5,10,1,0,0,2,24,0,1,2,6,1,1,3,52,89,20
847,Nathan Murphy,7,3,10,1,0,0,3,0,0,0,0,3,1,3,1,42,68,20
848,Bobby Hill,6,3,9,2,1,1,2,0,1,3,0,4,1,0,1,42,43,20
849,Darcy Moore,5,2,7,2,0,0,2,0,0,0,0,2,3,1,1,31,45,20
850,Will H-Elliott,3,2,5,1,0,0,2,0,0,1,1,0,0,0,0,24,30,20
851,Josh Carmichael↙,0,2,2,0,0,0,1,0,0,0,0,0,0,0,0,8,15,20
852,Liam Baker,17,15,32,6,0,0,4,0,0,3,1,3,10,1,2,110,143,20
853,Tim Taranto,16,13,29,5,0,1,6,0,1,3,9,2,3,0,1,111,112,20
854,Daniel Rioli,19,6,25,6,0,0,2,0,0,3,1,7,4,2,0,97,56,20
855,Trent Cotchin,14,9,23,4,0,0,3,0,0,4,5,3,3,2,2,80,81,20
856,Jack Ross,11,12,23,8,1,0,2,0,0,0,3,3,2,1,0,96,86,20
857,Shai Bolton,12,10,22,1,1,0,4,0,0,2,4,3,0,0,0,81,94,20
858,Dion Prestia,12,8,20,4,0,0,7,0,1,2,1,3,1,2,0,94,99,20
859,Nick Vlastuin,16,4,20,6,0,0,2,0,0,1,2,2,10,0,0,82,102,20
860,Toby Nankervis,8,12,20,2,0,0,7,39,0,2,7,4,0,2,1,120,124,20
861,Kamdyn Mcintosh,17,2,19,5,0,1,1,0,0,2,1,4,3,1,2,70,69,20
862,Marlion Pickett,6,13,19,5,0,0,2,0,1,0,2,2,1,1,0,68,73,20
863,Jack Graham,4,10,14,1,0,0,4,0,0,2,1,5,0,0,3,42,34,20
864,Hugo Ralphsmith,8,4,12,4,0,0,0,0,0,2,0,0,3,0,0,44,53,20
865,Judson Clarke,6,6,12,1,1,0,1,0,0,2,1,1,0,3,0,46,59,20
866,Dylan Grimes,10,1,11,1,0,0,3,0,0,0,1,4,2,5,2,46,50,20
867,Noah Balta,11,0,11,6,0,0,2,0,0,0,0,5,4,0,2,53,46,20
868,Maurice Rioli,6,2,8,1,0,0,2,0,1,2,1,3,0,2,1,32,30,20
869,Rhyan Mansell,6,2,8,4,1,1,2,0,0,3,0,2,0,1,1,47,46,20
870,Tom Lynch,5,2,7,3,1,3,2,0,0,2,0,2,0,1,1,43,44,20
871,Noah Cumberland↙,5,2,7,1,0,0,0,0,1,3,0,1,0,1,0,23,40,20
872,Jack Riewoldt,4,2,6,1,2,1,2,0,0,2,0,2,0,1,1,38,43,20
873,Tylar Young,5,1,6,1,0,0,4,0,0,0,1,1,3,0,1,33,52,20
874,Samson Ryan↗,1,1,2,0,0,0,0,9,0,0,1,0,1,1,0,15,27,20
875,Will Day,20,9,29,11,0,1,4,0,0,3,5,1,4,0,0,128,139,21
876,James Sicily,21,7,28,18,0,0,1,0,0,2,0,5,4,0,1,132,112,21
877,Josh Ward,14,13,27,5,0,0,1,0,0,2,5,5,1,1,1,85,74,21
878,Dylan Moore,18,8,26,12,2,1,3,0,2,7,2,1,1,1,0,132,131,21
879,Jack Scrimshaw,15,10,25,9,1,0,1,0,0,1,0,3,4,2,0,104,103,21
880,Karl Amon,16,8,24,5,0,0,1,0,1,5,5,3,2,2,0,85,100,21
881,Conor Nash,15,9,24,3,0,2,6,0,1,2,3,6,3,0,2,92,91,21
882,Harry Morrison,18,6,24,7,0,1,2,0,1,7,4,3,0,0,0,96,86,21
883,Blake Hardwick,19,4,23,11,0,0,4,0,0,1,0,2,4,1,0,115,109,21
884,Jai Newcombe,15,7,22,7,1,1,5,0,1,6,1,6,0,3,2,104,106,21
885,Changkuoth Jiath,12,9,21,5,0,0,0,0,0,2,1,3,2,1,0,70,72,21
886,Cameron Mackenzie,11,9,20,3,0,1,9,0,0,4,2,3,2,0,1,94,89,21
887,Sam Frost,12,7,19,6,0,0,3,0,0,0,0,3,1,2,1,79,85,21
888,Jarman Impey,12,5,17,6,0,0,1,0,0,0,1,2,4,1,0,69,68,21
889,Connor MacDonald,10,6,16,5,1,0,3,0,0,2,0,1,1,0,0,75,85,21
890,James Worpel,9,6,15,4,1,1,1,0,0,3,4,5,0,1,2,57,45,21
891,Finn Maginness↗,6,5,11,4,0,0,1,0,0,0,0,1,0,0,0,44,35,21
892,Tyler Brockman,8,3,11,6,3,1,3,0,1,2,0,1,0,1,0,80,89,21
893,Fergus Greene,7,3,10,4,2,2,0,0,0,2,0,4,0,1,3,45,51,21
894,Ned Reeves,4,5,9,1,0,0,2,25,0,0,5,2,0,1,1,56,66,21
895,Luke Breust,5,3,8,5,0,2,0,0,0,3,1,3,0,0,2,32,28,21
896,Lloyd Meek,4,4,8,1,0,0,2,7,1,2,4,4,0,1,1,36,32,21
897,Lachlan Bramble↙,4,3,7,2,0,0,1,0,0,0,0,1,1,1,0,29,30,21
898,Harry Sheezel,14,12,26,7,0,0,6,0,0,4,1,6,6,1,1,109,120,21
899,Ben Cunnington,4,17,21,2,0,0,4,0,1,0,7,3,1,0,1,65,62,21
900,Daniel Howe,16,5,21,5,0,0,1,0,0,3,2,1,4,1,0,78,63,21
901,Luke McDonald,18,2,20,8,0,0,2,0,0,3,0,4,7,0,1,87,89,21
902,Cameron Zurhaar,13,7,20,4,2,0,3,0,0,7,2,4,0,2,0,91,84,21
903,Tom Powell,12,8,20,7,0,1,3,0,0,4,1,6,2,0,2,80,59,21
904,Jack Ziebell,16,3,19,6,0,0,1,0,0,1,0,2,6,2,0,78,78,21
905,Todd Goldstein,5,13,18,1,0,0,3,30,1,2,2,3,2,2,1,85,115,21
906,Bailey Scott,13,4,17,2,0,0,2,0,1,5,0,3,2,0,1,58,59,21
907,Aidan Corr,10,6,16,5,0,0,0,0,0,0,0,1,5,0,0,57,60,21
908,Griffin Logue,12,4,16,6,0,0,0,0,0,1,0,3,3,1,2,57,81,21
909,Will Phillips,6,10,16,2,0,0,5,0,0,1,2,2,0,3,0,67,78,21
910,Liam Shiels,8,6,14,4,0,0,4,0,0,3,1,4,0,0,2,58,52,21
911,Curtis Taylor,10,4,14,5,1,1,1,0,0,1,1,2,1,0,2,58,56,21
912,Miller Bergman,9,5,14,3,0,0,1,0,0,1,0,1,3,1,0,51,55,21
913,Jaidyn Stephenson,6,5,11,3,0,0,1,0,1,4,0,0,0,0,0,41,47,21
914,Charlie Comben,4,7,11,4,1,1,3,2,1,0,0,2,0,1,2,54,73,21
915,Hugh Greenwood↗,5,5,10,1,0,0,2,0,0,0,4,2,0,1,2,31,38,21
916,Kayne Turner,4,5,9,4,1,1,1,0,0,2,0,0,0,0,0,45,51,21
917,Josh Goater,6,3,9,3,0,0,1,0,0,0,0,1,1,1,0,38,46,21
918,Paul Curtis,6,3,9,4,1,1,3,0,1,2,0,5,0,0,2,49,43,21
919,Darcy Tucker↙,2,4,6,1,1,0,0,0,0,0,1,1,1,0,0,23,25,21
920,Nick Larkey,2,3,5,2,2,0,0,0,0,0,0,1,0,1,1,28,39,21
921,Tom Green,15,19,34,6,0,0,4,0,0,7,7,9,1,2,3,110,100,22
922,Joshua Kelly,18,12,30,3,1,0,9,0,1,6,6,4,4,0,1,126,148,22
923,Lachlan Ash,20,10,30,5,0,0,1,0,0,0,0,3,9,0,0,99,94,22
924,Stephen Coniglio,17,12,29,2,0,1,3,0,0,7,4,7,0,1,3,86,58,22
925,Lachie Whitfield,14,13,27,4,0,0,2,0,0,1,1,8,6,0,2,82,72,22
926,Nick Haynes,15,7,22,8,0,0,1,0,0,0,0,2,9,1,1,85,94,22
927,Isaac Cumming,15,7,22,5,0,0,0,0,0,3,0,4,6,0,0,74,74,22
928,Callan Ward,9,10,19,3,1,1,4,0,1,5,3,2,0,3,1,79,89,22
929,Daniel Lloyd,9,6,15,3,0,0,3,0,0,2,2,1,2,0,0,60,75,22
930,Brent Daniels,7,8,15,3,2,0,3,0,1,2,0,4,1,2,0,72,77,22
931,Connor Idun,6,8,14,4,0,0,1,0,0,0,1,2,5,0,1,47,63,22
932,Harry Rowston,7,7,14,3,0,0,3,0,0,4,2,2,0,0,0,56,55,22
933,Matthew Flynn,7,6,13,4,0,0,3,13,0,1,3,1,1,2,1,69,96,22
934,Sam Taylor,4,9,13,5,0,0,2,0,0,0,0,1,4,2,0,55,94,22
935,Finn Callaghan,5,8,13,4,0,0,1,0,1,2,0,2,1,1,0,48,37,22
936,Harrison Himmelberg,9,3,12,3,0,0,1,0,1,2,2,1,0,0,0,46,50,22
937,Jack Buckley,7,5,12,3,0,0,3,0,0,0,0,0,1,1,0,53,99,22
938,Cooper Hamilton↗,5,7,12,3,0,1,0,0,0,2,0,2,1,0,0,39,24,22
939,Jesse Hogan,6,3,9,4,2,0,1,4,0,2,0,3,0,2,1,55,44,22
940,Jake Riccardi,9,0,9,6,2,1,3,0,0,4,0,3,0,0,1,67,38,22
941,James Peatling,3,4,7,3,0,1,4,0,0,1,1,1,0,1,0,44,35,22
942,Toby Greene,3,2,5,2,1,0,0,0,1,2,0,1,0,0,1,22,40,22
943,Conor Stone↙,3,1,4,1,0,0,1,0,0,1,0,3,1,0,1,15,13,22
944,Patrick Cripps,17,25,42,4,0,2,1,0,0,6,13,7,2,1,3,111,112,22
945,Sam Docherty,22,17,39,10,1,0,0,0,0,4,2,7,3,0,0,136,87,22
946,Adam Cerra,12,16,28,3,0,0,1,0,0,5,5,2,2,4,1,82,96,22
947,Nic Newman,17,7,24,11,0,0,4,0,0,1,0,1,5,2,0,116,132,22
948,Adam Saad,15,8,23,4,0,0,4,0,0,5,0,1,4,0,0,89,128,22
949,Blake Acres,14,7,21,5,0,1,1,0,1,3,0,3,3,0,1,73,73,22
950,George Hewett,8,12,20,2,0,0,5,0,0,4,4,3,0,1,1,72,88,22
951,Jack Silvagni,13,6,19,9,1,0,1,0,1,4,0,2,0,1,0,89,88,22
952,Jacob Weitering,13,4,17,8,0,0,1,0,0,1,0,3,5,0,1,72,86,22
953,Charlie Curnow,11,6,17,7,2,3,0,0,1,5,1,1,0,0,1,78,107,22
954,Zac Fisher,10,7,17,1,0,0,0,0,0,1,0,4,3,1,2,42,48,22
955,Jesse Motlop,12,5,17,3,2,0,2,0,1,5,0,0,0,2,0,77,84,22
956,Mitch McGovern,11,4,15,4,0,0,4,0,0,1,0,3,3,0,0,69,76,22
957,Edward Curnow,10,3,13,0,0,2,1,0,1,1,3,0,0,0,0,42,50,22
958,Oliver Hollands,8,5,13,3,0,0,4,0,0,4,2,1,1,0,1,56,66,22
959,Marc Pittonet,4,8,12,1,0,0,0,24,0,1,4,2,0,1,1,53,67,22
960,Tom De Koning,4,8,12,2,0,1,1,22,0,1,4,3,2,0,1,58,79,22
961,Lewis Young,7,4,11,3,0,0,0,0,0,1,0,3,6,1,0,39,66,22
962,Lachlan Cowan,10,1,11,5,0,0,1,0,0,2,0,3,3,0,2,45,51,22
963,Corey Durdin,6,2,8,2,1,1,6,0,0,2,0,0,0,1,0,60,65,22
964,Harry McKay,5,2,7,4,0,1,1,0,0,2,0,3,0,2,2,32,35,22
965,Lochie O'Brien↙,4,3,7,4,0,1,1,0,0,1,0,3,1,0,0,35,21,22
966,Matt Owies↗,2,2,4,2,2,0,0,0,0,1,1,1,0,0,1,25,27,22
967,Brad Crouch,18,14,32,6,0,0,6,0,0,4,8,5,1,4,2,122,111,23
968,Mason Wood,21,6,27,11,1,0,3,0,2,6,2,8,3,1,3,118,134,23
969,Jack Sinclair,14,12,26,5,0,0,0,0,0,2,0,5,3,0,0,81,63,23
970,Sebastian Ross,15,9,24,5,0,0,9,0,0,5,4,3,3,3,0,117,104,23
971,Bradley Hill,11,12,23,4,1,0,1,0,0,4,2,3,0,0,2,73,62,23
972,Jade Gresham,14,9,23,7,1,1,0,0,1,6,2,9,0,1,1,86,63,23
973,Ryan Byrnes,12,11,23,6,0,1,5,0,0,1,0,3,3,1,0,98,93,23
974,Hunter Clark,7,14,21,2,0,0,3,0,1,2,3,3,1,1,1,65,80,23
975,Rowan Marshall,14,5,19,8,0,1,1,25,0,4,3,4,2,0,2,100,78,23
976,Callum Wilkie,15,4,19,13,0,0,2,0,0,1,0,2,3,0,0,100,104,23
977,Nasiah W-Milera,15,4,19,7,0,0,2,0,1,2,0,1,4,0,1,79,66,23
978,Jack Higgins,9,9,18,4,4,0,3,0,2,1,0,3,1,0,1,90,100,23
979,Liam Stocker,8,9,17,4,0,0,0,0,0,0,1,0,5,1,0,55,70,23
980,Jimmy Webster,10,6,16,4,0,0,0,0,0,0,1,1,1,0,0,54,51,23
981,Josh Battle,10,4,14,10,0,0,1,0,0,1,0,2,2,0,0,72,67,23
982,Marcus Windhager,5,9,14,5,1,0,1,0,0,1,1,2,0,1,0,59,55,23
983,Mitchito Owens,8,6,14,3,1,2,2,3,1,2,1,2,1,4,1,65,76,23
984,Mattaes Phillipou,4,10,14,2,0,1,1,0,0,0,1,2,0,0,1,40,51,23
985,Dougal Howard,11,2,13,7,0,0,1,0,0,0,0,2,3,0,2,56,66,23
986,Daniel Butler,11,2,13,2,4,0,2,0,1,6,0,1,1,0,0,75,71,23
987,Anthony Caminiti,6,2,8,2,1,1,5,0,1,2,0,2,0,3,1,55,65,23
988,Ben Paton↙,3,3,6,1,0,0,0,0,0,1,0,0,0,0,0,18,22,23
989,Zaine Cordy↗,1,0,1,1,0,0,1,4,1,1,0,0,0,0,0,14,14,23
990,Darcy Parish,17,18,35,7,1,0,2,0,0,5,4,3,4,1,1,120,82,23
991,Jake Kelly,15,14,29,11,0,0,0,0,0,0,0,3,5,3,0,109,110,23
992,Nicholas Martin,19,9,28,7,1,2,1,0,2,2,3,5,2,1,0,109,88,23
993,Massimo D'Ambrosio,17,10,27,8,0,0,2,0,1,3,0,3,5,0,2,97,98,23
994,Zachary Merrett,13,12,25,4,0,0,7,0,0,3,6,4,0,3,1,103,88,23
995,Andrew McGrath,12,12,24,6,0,0,1,0,0,0,2,2,5,0,1,79,93,23
996,Dylan Shiel,15,7,22,3,2,0,8,0,0,7,5,2,0,1,1,110,93,23
997,Will Setterfield,12,9,21,7,0,0,4,0,1,3,5,2,0,0,1,88,82,23
998,Jordan Ridley,17,4,21,14,0,0,3,0,0,0,0,7,4,1,4,102,96,23
999,Mason Redman,14,5,19,6,0,0,1,0,0,1,1,5,4,1,3,66,49,23
1000,Jye Caldwell,7,11,18,2,2,1,2,0,0,2,4,2,0,0,0,70,85,23
1001,Kyle Langford,13,4,17,7,1,0,1,0,0,0,0,3,4,1,1,76,73,23
1002,Dyson Heppell,6,10,16,5,0,0,4,0,1,0,0,5,1,1,2,64,49,23
1003,Jayden Laverde,10,6,16,9,0,0,0,0,0,1,1,2,1,0,0,69,49,23
1004,Sam Durham,9,7,16,7,0,0,2,0,0,1,1,0,0,0,0,70,66,23
1005,Archie Perkins,11,3,14,5,2,1,3,0,0,5,0,2,0,0,2,73,64,23
1006,Nick Hind↙,10,3,13,2,0,0,1,0,0,1,2,2,1,0,0,46,31,23
1007,Alwyn Davey,7,5,12,4,0,0,3,0,1,4,2,1,1,1,0,56,66,23
1008,Sam Weideman,6,5,11,4,0,0,2,5,1,3,2,2,0,2,0,55,62,23
1009,Harrison Jones↗,6,5,11,4,0,1,1,0,0,1,1,0,0,1,0,46,49,23
1010,Sam Draper,5,4,9,3,0,0,5,27,0,3,4,1,1,0,1,76,81,23
1011,Jake Stringer,5,3,8,1,1,0,1,0,1,2,0,2,0,1,0,35,33,23
1012,Jye Menzie,4,4,8,1,1,0,3,0,0,1,0,1,0,0,0,41,47,23
